id_leggo,id_ext,casa,relator_id,relator_id_parlametria,relator_nome
4af54fac2bf11f83295f79b4494bedb2,2190884,camara,204576,1204576,Joao Roma
708dce104b079367e4da945d9741ff3f,2190986,camara,178986,1178986,Nilto Tatto
d70d58b5c9c0e417a0806bcc58055936,2191668,camara,178886,1178886,Juscelino Filho
1dbe81661ce54b39de6507dabaa33349,2192263,camara,178986,1178986,Nilto Tatto
d0655141109fd7a195eccbbf1e1aa74d,2192431,camara,204395,1204395,Pedro Lupion
b7139f15844c740a385ca58de3cb18de,2192602,camara,141450,1141450,Hugo Leal
eebe22cd305ac44bf5ac393df7fc0611,2193334,camara,121948,1121948,Adriano Do Baldy
aa21cbb14af4f093f0160f139d1e42a7,2193953,camara,178910,1178910,Joaquim Passarinho
65f6d31e1f51ad9bbf222b0bde1b32f0,2195203,camara,204418,1204418,Luizao Goulart
708594c916421646c66642859710e505,2196688,camara,204530,1204530,Rodrigo Agostinho
7db2799740c7bddb7f4701db47ad25e7,2198163,camara,178986,1178986,Nilto Tatto
480355ae3c783211d6b064ab5f2578c0,2199215,camara,204530,1204530,Rodrigo Agostinho
78e334886ead9d8b5f22837d9c1faa19,2204946,camara,74299,174299,Leonidas Cristino
f11a4df4fef3f14758284bb1d008f9d4,2210674,camara,74317,174317,Julio Cesar
eae067d2aade07c3eea353a034ec096c,2210921,camara,160538,1160538,Bohn Gass
f3bdb232dad3575315eae54dca75159e,2210976,camara,204530,1204530,Rodrigo Agostinho
0f1ea9e0ba23edf92f6d4f2d5d2e444c,2213495,camara,204530,1204530,Rodrigo Agostinho
fad9f9b739cc2bd58fce57262adc8f19,2214197,camara,204449,1204449,Nelson Barbudo
17b647f52e0df6042baad20346158c7d,2215118,camara,204530,1204530,Rodrigo Agostinho
a515a252e0c1b3ff6e301372ad6618d3,2218243,camara,160758,1160758,Domingos Savio
91230886ffed18167c50e71962e393c0,2218244,camara,160758,1160758,Domingos Savio
3afd70db4f00f1c0b3b06f45d2f34a43,2218288,camara,178986,1178986,Nilto Tatto
15cc4380b21451e607fd8b0deb895dd7,2220086,camara,204420,1204420,Julian Lemos
7d80fa49908f18a25fec7c100f089b9a,2223702,camara,178964,1178964,Heitor Schuch
5b80ebe4fb92f2072ab053b32d679175,2227753,camara,204407,1204407,Fernanda Melchionna
75f8f0e82ea3cd2bf81a44349b715026,2228130,camara,204541,1204541,Eduardo Bismarck
b7d2bbd1db4d06066d1128ca95d38731,2230568,camara,178871,1178871,Evair Vieira De Melo
0ebb32d25fae6cf7afeffcc8a4f361f2,2230578,camara,66828,166828,Fausto Pinato
f2181ac4df5cbaac28f5dc51572da53e,2230904,camara,204420,1204420,Julian Lemos
ffa40f90aed9b5526c10b5b278bb45ca,2190621,camara,136811,1136811,Afonso Hamm
78ef6174adf2443e3d776a6ab6ebad48,2191350,camara,74305,174305,Roberto Pessoa
f90c5caa4de2be11ffbe0ba3a7835b6f,2191628,camara,204419,1204419,Glaustin Fokus
0d777e42938dce5b33f10d60540d1e7c,2192487,camara,160559,1160559,Alceu Moreira
b850492398eace49708e3b20d62906ec,2193297,camara,178961,1178961,Sheridan
78a227f1864dd841548f12b83eedc2c7,2193502,camara,178986,1178986,Nilto Tatto
c609ab7799bffb9e2bdf140417e9df22,2193607,camara,204536,1204536,Kim Kataguiri
e45b28eeff56b33c9db63990044ed05f,2193752,camara,204472,1204472,Jose Medeiros
98975d5e4ca443291e7683faf3dc19ab,2194031,camara,178871,1178871,Evair Vieira De Melo
8522a5e851667c8e3089e5dbc6d3f304,2194110,camara,204359,1204359,Leo Moraes
dff308365135380392cf06e36bce35ad,2195113,camara,141391,1141391,Arnaldo Jardim
fff8ca0454fbd687d1d6ce90d4dcc80c,2195525,camara,73460,173460,Gustavo Fruet
14b3eab274470d37095bb3f204c54be1,2195908,camara,204524,1204524,Pinheirinho
ce2a51ae7ace95122ca99a8a6d00fc6f,2196673,camara,204505,1204505,Vava Martins
4df60a902752ace1c73979ac53ff865c,2196674,camara,204404,1204404,Lucas Redecker
8296333f793608853d955e4fa1cd0524,2197910,camara,204395,1204395,Pedro Lupion
f63a501a886b2b45358125ddbe7f13fb,2198500,camara,162332,1162332,Luiz Nishimori
71f60940e7154b4c4f11fa2e9a10b79b,2198528,camara,204495,1204495,Airton Faleiro
0add670c472627ea054b3b6c7052e6b4,2199161,camara,141439,1141439,Chico D'angelo
734377ba0c5ba962ed27d5103cc98364,2199545,camara,204395,1204395,Pedro Lupion
210b1c3c0995485229f6104711343544,2199637,camara,178964,1178964,Heitor Schuch
c0c62d7e4b8998071688758c0c754c64,2203408,camara,160758,1160758,Domingos Savio
770887c85936d1cdb5fc32e165c15819,2203668,camara,198783,1198783,Emanuel Pinheiro Neto
ef4b03e54bcc1e1180bbd5e1d1c23b1a,2203976,camara,204407,1204407,Fernanda Melchionna
ba62da275cc9c5e0a26e39c85887c8e0,2204001,camara,66828,166828,Fausto Pinato
231f36c8f312f4a6e4f23fd1530b803a,2204437,camara,73531,173531,Ivan Valente
485e4e466108f77189555013e08a40d2,2206405,camara,204395,1204395,Pedro Lupion
1fd8e354123f262b164eafef8e486e50,2206610,camara,204550,1204550,Junior Mano
e02775f067e35e494cbab2df89163648,2206678,camara,204538,1204538,Paulo Bengtson
53360c69deccb9b3111c5a51b6861aa4,2208118,camara,178951,1178951,Rafael Motta
56739211e3645e751445ad5e47eccada,2209047,camara,204489,1204489,Roberio Monteiro
d81da0d78ab6f51983ecf45b7ae65500,2210920,camara,74376,174376,Vander Loubet
0b5748f9d1db1f525c87525e525e502a,2214911,camara,135054,1135054,Cristiano Vale
34c210b75a62b7086912e7e4da5e0fb4,2214943,camara,204518,1204518,Dr. Frederico
b321c0eb9f01c9e1c021eefad355d4a2,2215109,camara,92776,192776,Stefano Aguiar
be5fb3873319aedcbcedf8559ad48347,2217798,camara,178871,1178871,Evair Vieira De Melo
30e3dae6608057d51061bb6b3fa83c91,2218428,camara,178962,1178962,Carlos Gomes
b073cd843864361437c1864ca2cc7d7c,2218445,camara,178951,1178951,Rafael Motta
39986650f48804888397f6c8c9be82b5,2220199,camara,160653,1160653,Roberto De Lucena
62118b2465ef9d3803ed06ee3ef5ff0c,2220520,camara,160512,1160512,Aureo Ribeiro
4ee4f8ef2d5c6158f551268de50b3e5c,2220973,camara,204398,1204398,Felipe Francischini
e306a8f54c526233b4379e2bf6a1c398,2221620,camara,204449,1204449,Nelson Barbudo
0d4b2dc033002af39e7e4c2051f3c5d8,2224125,camara,204516,1204516,Alexis Fonteyne
2758a9e192a8f87df74b9a4f8c2d00ae,2225700,camara,74052,174052,Bosco Costa
bcdb027b6def7d08761a0e977d11d390,2225749,camara,90842,190842,Santini
9bacc907e06dfa32c1058ee3382c6bfc,2226709,camara,160758,1160758,Domingos Savio
045dac0441aa55b94d3c98c71bfd99a7,2228133,camara,178871,1178871,Evair Vieira De Melo
ecb9f34c2e2ff8f7dff71edae35a3d74,2228136,camara,204474,1204474,Juarez Costa
a6b1c9530d1079b3af578dd8497ffc8b,2229100,camara,178954,1178954,Lucio Mosquini
cc6b68ea3f83aa37960cbacd39b32def,2230041,camara,204449,1204449,Nelson Barbudo
1716fdf59ce6d94534bc34126325c60c,2230152,camara,178986,1178986,Nilto Tatto
bc2805ca8e5cae102975e472d121a44f,2231757,camara,204449,1204449,Nelson Barbudo
9c9dcf8210afeb68df3c972520f58eeb,2201529,camara,204515,1204515,Andre Janones
6d2bbca6eb76e7411882054a60839644,2190446,camara,160556,1160556,Padre Joao
eedf2f7e172a0534c8eeed806eef9164,2190483,camara,204566,1204566,Marreca Filho
35a3f5cde19057fe000df1c40f39e983,2190485,camara,204488,1204488,Celio Studart
326375760b23616c9ec0f8557bfc2012,2190488,camara,204518,1204518,Dr. Frederico
fc5673b898073f5dd47fefa92f36e1b0,2190490,camara,204400,1204400,Aline Sleutjes
c307c8064e1f24f581ced9a373258189,2190491,camara,141508,1141508,Mauro Nazif
31756ad279bb27c1d3e38f800317792b,2190495,camara,204505,1204505,Vava Martins
15dbe4328ddcbb677a040a03a4ffbc90,2190496,camara,204505,1204505,Vava Martins
1db364484a7f086878f6889f701dc1c8,2190563,camara,204352,1204352,Camilo Capiberibe
200a3857111591f2c61c174649fc1b6d,2190623,camara,160587,1160587,Fabio Trad
a390de55e690779cf6eed181b262c302,2190681,camara,73943,173943,Perpetua Almeida
f01807424ee1b2202e3a5c61e1fc70f4,2190782,camara,204495,1204495,Airton Faleiro
f1840c851886c762148d7f38a928e7fe,2190802,camara,204396,1204396,Vermelho
bffa5c87a192f64feea4800fe9a69055,2190810,camara,204426,1204426,Carlos Veras
404f6c4f573e815e22349d2eece0cbba,2190933,camara,178951,1178951,Rafael Motta
3c20b1d1c9c505b731d438b5f24a13a1,2190944,camara,204569,1204569,Delegado Pablo
467e50ee465439697699737e87558cd0,2190988,camara,178933,1178933,Sergio Souza
467e50ee465439697699737e87558cd0,2190988,camara,204395,1204395,Pedro Lupion
f684107400cb49c402ddd00a091836a3,2190989,camara,178933,1178933,Sergio Souza
5b9a268545839d1c2293a226d28cd2d4,2191061,camara,166402,1166402,Magda Mofatto
fe67ca9f845bd8ec47aeb8bc5f190c67,2191098,camara,204377,1204377,Paula Belmonte
78e6064a39b45477be3c601886231bc9,2191112,camara,141459,1141459,Joao Maia
b81b46388c193eeb4fe02d7585f05c1b,2191179,camara,74160,174160,Patrus Ananias
80e0b61f9aedc241f002c936ffe90eea,2191188,camara,178992,1178992,Vitor Lippi
9482830e26c8499433b8e8f265c93957,2191513,camara,204442,1204442,Gurgel
b7afeb393bdba2c13b9cfd28dd77ae83,2191621,camara,204366,1204366,Rodrigo Coelho
92acb771640660fb06bcfa40d7e382bc,2191650,camara,204495,1204495,Airton Faleiro
22ef3164bd38ea1692f22911acc55c55,2191872,camara,204426,1204426,Carlos Veras
4b6ba8f3a0541a23fe4dc76737845e60,2191876,camara,74043,174043,Wellington Roberto
09cf44cab51a171d95f9a8c13c8e41a1,2192045,camara,74052,174052,Bosco Costa
4df2df54dcf9c62abd3d35ed25039971,2192099,camara,74043,174043,Wellington Roberto
2bde12e389c795c5d43714df55c4e24b,2192360,camara,178843,1178843,Marx Beltrao
0d283a482121fe5265a344532cd49b77,2192575,camara,73466,173466,Rubens Bueno
afbcf1dc6a34e71e8b4c54100ea479f0,2192576,camara,178884,1178884,Hildo Rocha
0a18bffbb7a241f3518f3b71f9981296,2192580,camara,204545,1204545,Ale Silva
05d5d845205816cdafc2e74dd5d17b73,2192897,camara,178871,1178871,Evair Vieira De Melo
5b383a40703b786a7f8ecb47cff02477,2192978,camara,204496,1204496,Celso Sabino
539786b5611ffae58065309c91f72923,2193043,camara,75431,175431,Mauricio Dziedricki
9511c12aa1c6f2247268a1f9f25c4359,2193076,camara,66828,166828,Fausto Pinato
61376b9e19a90752492ea9241388eaee,2193081,camara,198783,1198783,Emanuel Pinheiro Neto
e31804469e768e45e9f65369586ae643,2193097,camara,204436,1204436,Isnaldo Bulhoes Jr.
e42813a899ad8788c2be5ccf9f3ddcf5,2193098,camara,160559,1160559,Alceu Moreira
1af6e2ed55ca8d11d72977bbfab3adc6,2193143,camara,178992,1178992,Vitor Lippi
8dcb1e198c7cf960b11c60e00208b8dc,2193190,camara,204352,1204352,Camilo Capiberibe
e4f8077208cae2f57717511f550498be,2193221,camara,204407,1204407,Fernanda Melchionna
7daedbd24681280c7a8df5a50648ab70,2193563,camara,178951,1178951,Rafael Motta
3ac8959398f73234fe2ad05388274ad9,2193613,camara,204457,1204457,Juninho Do Pneu
4fac10e0bbf78781c20ae5cb52a9a984,2193952,camara,141391,1141391,Arnaldo Jardim
4a001f7671130d9d64f0a0c83095ed84,2194103,camara,204391,1204391,Jose Nelto
df16b2c7ecb909c2d8da98f9f44658e2,2194251,camara,178981,1178981,Herculano Passos
76e3be9ffef545e3e21ad37be1203452,2194274,camara,178962,1178962,Carlos Gomes
6db2d3efa0395153609184182bbcf542,2194541,camara,204526,1204526,Luiz Philippe De Orleans E Braganca
c3ffb2d938e9cf73197d8731aa6c3255,2194912,camara,178910,1178910,Joaquim Passarinho
50789e0898e03fcb3798a113ab6b01ba,2195014,camara,204517,1204517,Ze Vitor
010f108d87169e77e6d08336510fdcac,2195050,camara,204370,1204370,Celio Moura
d984bfa4da6659d8d2e888d1546ef0c7,2195731,camara,204398,1204398,Felipe Francischini
6712bb6fa558cc1cf100dcf5c1288f6f,2196029,camara,178871,1178871,Evair Vieira De Melo
4bd283eadd26434f2d3eae83ce59b72a,2196364,camara,204416,1204416,Sanderson
ca50e10e7de00bada4c633a3540de202,2196462,camara,204517,1204517,Ze Vitor
0c9aa15cfc14477a98c8c3a12e3859b3,2196469,camara,160665,1160665,Augusto Coutinho
a36bd0e4e0b031b5ffcb9bb6e2e7ba57,2196486,camara,160632,1160632,Ze Silva
49d30048c7c075702a2cc6b83025223b,2196676,camara,204356,1204356,Amaro Neto
0e8d78e34229cda3252902608ad157b4,2197532,camara,204566,1204566,Marreca Filho
eeca5e94df0d6e19cefe7bc95001a1ed,2197747,camara,204400,1204400,Aline Sleutjes
dcbb134bc747b578d68f5bcfe5b4e287,2197787,camara,178962,1178962,Carlos Gomes
6a38b246ad96596e6a94a33eba950454,2197956,camara,204352,1204352,Camilo Capiberibe
5c610a6965db08a8fc04c88f1675f379,2198329,camara,204494,1204494,Fred Costa
d77b232a1b1d83cac9b8fb35bd62f2a2,2198334,camara,178876,1178876,Celio Silveira
4c869825ce37056bd8f0b8c725b1f115,2198335,camara,204398,1204398,Felipe Francischini
3bc9b55d6083754826999a7e15ff5344,2198338,camara,204494,1204494,Fred Costa
add8eb3734e4655be03a0bd732870f61,2198438,camara,204524,1204524,Pinheirinho
29bb72f03b74908d12550c7cdba126e9,2198511,camara,204566,1204566,Marreca Filho
d636fb0df04363c45007a0a27a5d67a1,2199370,camara,204370,1204370,Celio Moura
1f3a446d8fa39ce55332e3c572f18ac1,2199455,camara,204517,1204517,Ze Vitor
7cecd388ab5976bbab5145f4d9f594e8,2199510,camara,204494,1204494,Fred Costa
36113a4ff679f4d0dc96ebc75a380da7,2199980,camara,204517,1204517,Ze Vitor
00d8d1830279eecbe7cfb788b55cf884,2200109,camara,160598,1160598,Flavia Morais
f4e476b8426a1dda44f42d3af00a46c9,2200403,camara,204525,1204525,Rosana Valle
88fb2ea703a6c1834865ccc4d1b0f89d,2200414,camara,204505,1204505,Vava Martins
728a798ba1378ded9898fc9696dedabe,2200684,camara,178962,1178962,Carlos Gomes
465c7f3b408dc19a7918edd38e5df18f,2201514,camara,160535,1160535,Marcon
aba7a0647180a3b37c576f07cf8de76b,2201538,camara,74161,174161,Reginaldo Lopes
8b4479c9d60feb352c1f90ea27710b80,2201751,camara,178962,1178962,Carlos Gomes
8441a5458d46613ed033855a288d422c,2201754,camara,178951,1178951,Rafael Motta
76b4005fafb8dc4474cdc845f8195036,2203128,camara,204532,1204532,Vinicius Poit
76b4005fafb8dc4474cdc845f8195036,2203128,camara,204530,1204530,Rodrigo Agostinho
3379febd9edf2a01c95114e8ec9d5c86,2203150,camara,204517,1204517,Ze Vitor
b467e1adf56e8aa622a557e34bd330c6,2203390,camara,141422,1141422,Efraim Filho
96f4624ec62b6d466f99604e2f2c3daa,2203574,camara,204370,1204370,Celio Moura
7a2c566a8a1a8ac455dbe438a8556392,2203624,camara,204490,1204490,Charlles Evangelista
728e3259f5fc67358b5af336cf70c81e,2204041,camara,204494,1204494,Fred Costa
69516cf2ff0d2defdd1759221ce36ec5,2204113,camara,204505,1204505,Vava Martins
6217d2ec70c98753bba6495ac45389eb,2204115,camara,204419,1204419,Glaustin Fokus
f47f7f56d3336864abff648a9a9be37e,2204123,camara,204398,1204398,Felipe Francischini
1936af28823a0817e771380dfacce78d,2204564,camara,74299,174299,Leonidas Cristino
ef28d472202af98f348b44dba7f26af7,2205239,camara,204407,1204407,Fernanda Melchionna
502981994eea39cc5219deed51de3b53,2205388,camara,204468,1204468,Joenia Wapichana
15ca3093ce9b8e88a41e215985f16b9e,2205521,camara,178933,1178933,Sergio Souza
3e9779056b9e669871a10146810e0c72,2206354,camara,178922,1178922,Tadeu Alencar
eecc73a15f65cbc6666459377e24da97,2206396,camara,204352,1204352,Camilo Capiberibe
e28a4f58a70aabc6c983764bde90579c,2206445,camara,178962,1178962,Carlos Gomes
94814cf513a4deefd6104efa4cbd2596,2206632,camara,178962,1178962,Carlos Gomes
b2ae56cdec6ed79aced0fc616298d073,2206680,camara,204398,1204398,Felipe Francischini
65ced50aef5733e0af22dedcdbe5d459,2207429,camara,204488,1204488,Celio Studart
d38333af16f69b8e09f87e770f217c58,2207498,camara,204465,1204465,Haroldo Cathedral
ed431f7913fc113034bbb06a30064025,2207825,camara,194260,1194260,Nivaldo Albuquerque
e654feb4454f214ada6de4345e302535,2208386,camara,204434,1204434,Dra. Vanda Milani
34e1f8e38448fcc61fb82cb28fb25603,2208659,camara,204518,1204518,Dr. Frederico
1270f03c716a4570a402b2a5fd58c9ed,2208912,camara,178884,1178884,Hildo Rocha
1b67774eb0f3207270bd416f90a42966,2209304,camara,160632,1160632,Ze Silva
01c04d6284a833b4f7e9842c9a9c5b8c,2209593,camara,178962,1178962,Carlos Gomes
188944938af28df4d79f2a953582a04a,2209594,camara,178962,1178962,Carlos Gomes
b0e9cacbaede556a73e7ad2253acaf91,2209663,camara,204555,1204555,Jose Ricardo
b0e9cacbaede556a73e7ad2253acaf91,2209663,camara,74090,174090,Atila Lins
731cd66c6a8e83493395da3dbeac2d0d,2209791,camara,204430,1204430,Margarete Coelho
f57192757d29464dc6c46911cc05e19b,2210165,camara,197438,1197438,Tito
eec1ed8c9fbcb2b39eff322200afa9ec,2210751,camara,178962,1178962,Carlos Gomes
4d94519df691f20f949825f39cf1ce11,2210900,camara,204494,1204494,Fred Costa
9273a3c1a2a082128d4a31da60b99690,2210917,camara,204505,1204505,Vava Martins
ca59318392063b9fe30642bbacf6872f,2210918,camara,73943,173943,Perpetua Almeida
894b644825e997da706eecce45587bfd,2210919,camara,204398,1204398,Felipe Francischini
d59e1d877ae87cee1b1890a7e3851bab,2210922,camara,178962,1178962,Carlos Gomes
b53eab4b004fe7ace5033b50a090760a,2211478,camara,204414,1204414,Aroldo Martins
eeae8e7e3f20388f3208fa9261f360de,2211927,camara,178962,1178962,Carlos Gomes
b8aaeaaf5faa2cfe4aaf4b75f0803e64,2212116,camara,160632,1160632,Ze Silva
ce112216bee2aa963f43555257ca5c67,2212138,camara,92776,192776,Stefano Aguiar
988d78122ed33a61c576d0e6865600ff,2213385,camara,204561,1204561,Bira Do Pindare
77e3633a970e9bd4f286f09242fe000c,2213739,camara,74366,174366,Joao Campos
e62d9f3f92c029a14ca67f5e807fb2ca,2214006,camara,141405,1141405,Celso Maldaner
f246904f35d3940c0002f1739b37c6f1,2214275,camara,178962,1178962,Carlos Gomes
f6f7690bd63cc0b2cc54f868299b1af2,2214386,camara,143084,1143084,Tiago Dimas
8a779033a5bbe77224ada9dcb090a932,2214480,camara,74090,174090,Atila Lins
32ac0f20588c1da510f1d70052e99455,2214840,camara,178954,1178954,Lucio Mosquini
e716ed0a9fc1cb4120e82220fef1aea0,2214923,camara,178962,1178962,Carlos Gomes
de3f5ea41b23d966b9a59c20a29ed2c8,2214946,camara,178992,1178992,Vitor Lippi
1ab8034309a7a59d5f28e7cfb484fdd5,2215041,camara,204505,1204505,Vava Martins
e727e187e03bb56486ab7c1973489cdb,2215691,camara,178964,1178964,Heitor Schuch
de9b739549ae4977723266c8dc7876a1,2215723,camara,160592,1160592,Zeca Dirceu
5183c1921472592dc6499c780f571796,2216110,camara,204400,1204400,Aline Sleutjes
e4a1d801c23cd0572972d9ad59d14c02,2216597,camara,194260,1194260,Nivaldo Albuquerque
d287ea4f1e3c848fbdf0a27e1735b249,2216781,camara,204398,1204398,Felipe Francischini
46686b2025975ac4c5315193b026014e,2217178,camara,178962,1178962,Carlos Gomes
2b181fecc8d5533ca1bc8eae0cf437b4,2217253,camara,146307,1146307,Neri Geller
0a344af0c04a677cb5e21b32091378cc,2217254,camara,204359,1204359,Leo Moraes
740213c0e046c248a888b97abbc43d9c,2217369,camara,160598,1160598,Flavia Morais
a3d8bfd5d200e41f93592a3d82765130,2217861,camara,204386,1204386,Jose Mario Schreiner
b901f66941d8c43d9b4f020261fa2977,2218436,camara,143084,1143084,Tiago Dimas
d4ddf919fe99f0da4e86c366e2b9f412,2218565,camara,160635,1160635,Ruy Carneiro
52098ae3b1c88eecc13d3d47b3db9181,2219094,camara,204468,1204468,Joenia Wapichana
cc89a2b1fd9c44b6eb12e54ecd78d7a1,2219466,camara,160632,1160632,Ze Silva
3891f14b72446fd8c4180c77b263d3f7,2219524,camara,204494,1204494,Fred Costa
9ca5de5742dc7d9b0a3a2642ab18ee6e,2219656,camara,204395,1204395,Pedro Lupion
953c71c2f759249b4eacc826a12a30ec,2219856,camara,204414,1204414,Aroldo Martins
2ade9888b0c0cef2dce4766918f4f36e,2220654,camara,178962,1178962,Carlos Gomes
1cc09df8c21a9842c5ff78876c0af88d,2220689,camara,204398,1204398,Felipe Francischini
25aeedc1de860b9780d09883f7526c0e,2220690,camara,204398,1204398,Felipe Francischini
0394d43a5340e23fee411e2dd5bf1e6a,2221186,camara,112437,1112437,Joao Marcelo Souza
14ce89d9d7b5a3e4d64552ff9eb541d6,2221268,camara,178884,1178884,Hildo Rocha
75f60888c2d90329aeb6c7f400eb43b9,2221658,camara,141439,1141439,Chico D'angelo
d6f2efe0b9a93f4f74332a982a090e09,2221765,camara,204393,1204393,Frei Anastacio Ribeiro
f11f9cd5a80e42979fb1b7fcc6ad8a54,2222555,camara,178951,1178951,Rafael Motta
5ad48ef3efba6be6675e07fa36373340,2222715,camara,204356,1204356,Amaro Neto
74a59c48b1cd5947280dcd1c7fbbafaf,2224224,camara,204530,1204530,Rodrigo Agostinho
b25b35840d5f536f6fa4994a13373b49,2224505,camara,204474,1204474,Juarez Costa
aedcc562e73ec3b768d52bdcaebe11d4,2224581,camara,141450,1141450,Hugo Leal
20c2677848edd8de65f7256a628efcdd,2224656,camara,204400,1204400,Aline Sleutjes
3f99f9f7b32cf7cbd0d05a48a598beb8,2224664,camara,178986,1178986,Nilto Tatto
74158184663e4e411652143a6eed021e,2225118,camara,160758,1160758,Domingos Savio
0ef322fded07408326d49b7613102894,2225331,camara,204483,1204483,Vilson Da Fetaemg
ae190262ecc392d00472d6fbdfe95088,2225894,camara,162332,1162332,Luiz Nishimori
5d3a2322559958c920a00a702b55d6f3,2226165,camara,160592,1160592,Zeca Dirceu
9e36ad0202c89996fc0f1ee1bdb905f9,2226262,camara,204474,1204474,Juarez Costa
cd718fc669ddbbc5ead682da1768bace,2226382,camara,141405,1141405,Celso Maldaner
54e059dfd83e60ccf9d1aca0785162b6,2226591,camara,178929,1178929,Diego Garcia
fd413bbecb633683a6761f80be9181f0,2226717,camara,204530,1204530,Rodrigo Agostinho
c4f7298afbdba0577b1ca549376e74f8,2227076,camara,178929,1178929,Diego Garcia
233afc93fd30fe6ebf3775a8c5373a53,2227140,camara,160556,1160556,Padre Joao
39e3cd41d7e4d9559babb3c92aea152c,2227181,camara,178871,1178871,Evair Vieira De Melo
993ef0e756b19e1a5f2364c9703b5a9f,2227211,camara,74090,174090,Atila Lins
afce104a0cfa16808d45df263c64fa3e,2227363,camara,160556,1160556,Padre Joao
1fdbf44b45f763d78889a4a8b16981df,2227394,camara,178962,1178962,Carlos Gomes
a8171713efe896f451c6f2c8729d2683,2228776,camara,146307,1146307,Neri Geller
85e4291df7244618dd773687ae35cc51,2229046,camara,204398,1204398,Felipe Francischini
24405767db3342d52d98fe327b82000d,2229289,camara,160635,1160635,Ruy Carneiro
4cbe7d4e6fb481207dd9529dde0ae6f8,2229475,camara,146307,1146307,Neri Geller
22e1696ba9774b557b99f3c02a7b76d1,2229763,camara,204395,1204395,Pedro Lupion
e930c2f9ea803cca320833675408d71f,2230022,camara,160632,1160632,Ze Silva
617bfc397871ddac7a06400c51e43b50,2230192,camara,146307,1146307,Neri Geller
4fc4df4b9dfd1736231dea9a6f35acf7,2230633,camara,73891,173891,Darcisio Perondi
39a4b0b89cf11fbed9533ed80d1f31f3,2231836,camara,204449,1204449,Nelson Barbudo
9e9274204fac2dc2519a2b35ed3fe656,2234133,camara,178962,1178962,Carlos Gomes
cc265921abc63c5090042f84ecce26fb,2239605,camara,160632,1160632,Ze Silva
a2ff9643323350760f35690a2745a8c3,2236587,camara,204517,1204517,Ze Vitor
600a916357dd173bb610a95968fa78a4,2236591,camara,204517,1204517,Ze Vitor
61ec739d5b643c39dfd9b1f33a8bef16,2236790,camara,178896,1178896,Newton Cardoso Jr
fe7cb699a293bda85e96ff3dc5213b2f,2236823,camara,204419,1204419,Glaustin Fokus
c94b73b6596e82c1ea649739cd474b95,2236922,camara,160556,1160556,Padre Joao
b705a261cd591e128d22b3cd678aba66,2236967,camara,178962,1178962,Carlos Gomes
b5b3a11cc57cf3ec141d4e1de49f7057,2236973,camara,204517,1204517,Ze Vitor
468566097eb58091861706e7171146ab,2238128,camara,178962,1178962,Carlos Gomes
e1c80019896a8957f8e0af802ecce20f,2239471,camara,204395,1204395,Pedro Lupion
f02a8744647412fe39b66e5a36e8dd77,2246545,camara,204449,1204449,Nelson Barbudo
c1bf6ad46de6caad5f67655847f4774b,2248034,camara,178954,1178954,Lucio Mosquini
ed5b51ab8181f4c455f2126ef459fbbe,2253319,camara,178954,1178954,Lucio Mosquini
401155d203eb228705feed831c2340b9,2265295,camara,204440,1204440,Christino Aureo
c746ee925159a6e93fcba7c6c79ab309,2190990,camara,178871,1178871,Evair Vieira De Melo
77b38623aa86a7b8a72afb407f622e95,2191138,camara,160559,1160559,Alceu Moreira
4cee2938cb403453dac5b077c5a3b148,2192187,camara,204425,1204425,Silvio Costa Filho
f02ed5004d566b7e5d8bd12026e7348a,2193987,camara,160635,1160635,Ruy Carneiro
f02ed5004d566b7e5d8bd12026e7348a,2193987,camara,178912,1178912,Pedro Cunha Lima
b5c62f3d5e5ab27c2496359855ce8b4e,2195043,camara,204395,1204395,Pedro Lupion
028492f72874907250d0505ce7b0bf2b,2195635,camara,178933,1178933,Sergio Souza
028492f72874907250d0505ce7b0bf2b,2195635,camara,204395,1204395,Pedro Lupion
8e8514724c8d7024d889f4bd1ca06d67,2203904,camara,135054,1135054,Cristiano Vale
74dbee5272804176a03850c295c1aa54,2214203,camara,204572,1204572,Capitao Alberto Neto
ab7942259ef008be00aba3bcd4d095b1,2222727,camara,204552,1204552,Eduardo Braide
5cd45a5038311877d079915dac713cb6,2225213,camara,204395,1204395,Pedro Lupion
b939dbc513955298c09d86f0c11f2421,2233488,camara,160632,1160632,Ze Silva
7ad75fb2c7bd1990cb00e35481347458,2236185,camara,160559,1160559,Alceu Moreira
ebddd18c7c99e4be2ebb7a8f0d349d09,2236262,camara,178954,1178954,Lucio Mosquini
ddd9fc5799e62b5bd5f94c9843f16ab0,2242488,camara,204379,1204379,Acacio Favacho
2f9960c5629a3e520b7b475dc6ccc4a9,2258964,camara,178871,1178871,Evair Vieira De Melo
1bc2466959107dd5a13fd523afd2ffa3,2260971,camara,204436,1204436,Isnaldo Bulhoes Jr.
a7d1954317d49860e7d094740c4cb59c,2229142,camara,204556,1204556,Marcelo Ramos
0a47e56a70f7c68aa7176ebe6ae36476,2203836,camara,204569,1204569,Delegado Pablo
93eaced4ff4d64d99ea77fc595009965,2201532,camara,204480,1204480,Rogerio Correia
d8a02979d2829415b1b87a300ce96d86,2207613,camara,204527,1204527,Geninho Zuliani
9c9dcf8210afeb68df3c972520f58eeb,137437,senado,5953,25953,Fabiano Contarato
5b383a40703b786a7f8ecb47cff02477,140546,senado,5953,25953,Fabiano Contarato
c3ffb2d938e9cf73197d8731aa6c3255,142690,senado,5529,25529,Antonio Anastasia
aba7a0647180a3b37c576f07cf8de76b,138126,senado,5540,25540,Fernando Bezerra Coelho
2d91f5e7e59961f0789f968aa0ec00ed,135108,senado,5748,25748,Veneziano Vital do Rêgo
e930c2f9ea803cca320833675408d71f,135648,senado,5529,25529,Antonio Anastasia
e930c2f9ea803cca320833675408d71f,135648,senado,5523,25523,Otto Alencar
cc265921abc63c5090042f84ecce26fb,143587,senado,374,2374,Paulo Rocha
826978a4a6119ef3625f8f655abaa1f5,136872,senado,285,2285,Marcio Bittar
826978a4a6119ef3625f8f655abaa1f5,136872,senado,1173,21173,Wellington Fagundes
e7ed0cf5a317d76a8ff1ff522f61812e,136839,senado,5529,25529,Antonio Anastasia
e7ed0cf5a317d76a8ff1ff522f61812e,136839,senado,5502,25502,Plínio Valério
aee869ac22101da1ca80553ef1b48ce7,137797,senado,4531,24531,Jayme Campos
aee869ac22101da1ca80553ef1b48ce7,137797,senado,4981,24981,Acir Gurgacz
82ed1e9560dc4ddab2e56a801d2eb0f3,143356,senado,4525,24525,Fernando Collor
eaad6a95ed22f2ae06485a3512ae9e3e,141437,senado,3806,23806,Zequinha Marinho
40ccf3c29d8d8c799dd114d48ab95c6b,144719,senado,5996,25996,Diego Tavares
53b4585f954ff88798c1da5ab7265d3c,144643,senado,5502,25502,Plínio Valério
028492f72874907250d0505ce7b0bf2b,140311,senado,1249,21249,Kátia Abreu
fcded076be31aa7f99cd59ee38e8095c,137319,senado,6152,26152,Nelson Barbudo
fcded076be31aa7f99cd59ee38e8095c,137319,senado,5385,25385,Irajá
74dbee5272804176a03850c295c1aa54,140554,senado,4981,24981,Acir Gurgacz
f5a9a945227292b83cb390bd0395f48b,139071,senado,5988,25988,Soraya Thronicke
f5a9a945227292b83cb390bd0395f48b,139071,senado,6104,26104,Pedro Lupion
7e2d10f2e304c958e03cece4491239f6,139444,senado,5982,25982,Alessandro Vieira
c7e7eeb00c32ed1c6405e37584142e45,139448,senado,6027,26027,Mecias de Jesus
c7e7eeb00c32ed1c6405e37584142e45,139448,senado,4698,24698,Edio Lopes
99c577bdfe03d40ae7e3cb4c63467664,139736,senado,5270,25270,Domingos Sávio
ef18c399be7c7d245418add5b0d3cd67,140001,senado,5352,25352,Rogério Carvalho
b939dbc513955298c09d86f0c11f2421,140116,senado,6091,26091,Luis Miranda
b939dbc513955298c09d86f0c11f2421,140116,senado,5385,25385,Irajá
e333427710591a4b476a4e2b6949e623,140117,senado,5679,25679,Marx Beltrão
e333427710591a4b476a4e2b6949e623,140117,senado,5627,25627,Jean Paul Prates
7ad75fb2c7bd1990cb00e35481347458,140367,senado,470,2470,Chico Rodrigues
ebddd18c7c99e4be2ebb7a8f0d349d09,140424,senado,5990,25990,Carlos Viana
ebddd18c7c99e4be2ebb7a8f0d349d09,140424,senado,5765,25765,Roman
ebddd18c7c99e4be2ebb7a8f0d349d09,140424,senado,5585,25585,Luiz do Carmo
ddd9fc5799e62b5bd5f94c9843f16ab0,141814,senado,5926,25926,Lucas Barreto
2f9960c5629a3e520b7b475dc6ccc4a9,143654,senado,6295,26295,Carlos Fávaro
1bc2466959107dd5a13fd523afd2ffa3,144365,senado,285,2285,Marcio Bittar
2279e51c1818c4d5eaa8ca05bf8e10f9,136853,senado,5732,25732,Rodrigo Pacheco
8abf7654fbd33384df0d5ee00bdd933b,140760,senado,825,2825,Paulo Paim
5a4a116465040efd1246bf4612a8e02e,135609,senado,5529,25529,Antonio Anastasia
6ca119cd90139946049c113136bef565,135165,senado,5535,25535,Telmário Mota
88d5abe1f8cbfc8664546cb0685008b5,135858,senado,581,2581,Jaques Wagner
a7d1954317d49860e7d094740c4cb59c,135175,senado,5535,25535,Telmário Mota
e0f5d1ca11d2c6b703ea6c36ccb40dbd,136879,senado,6027,26027,Mecias de Jesus
0951066ca224f67a5ce614571b61c229,137065,senado,1186,21186,Luis Carlos Heinze
60211d690442e4790271643cd0ad3dc2,140895,senado,6027,26027,Mecias de Jesus
fedcd6759fc40f3fb0968e8024baf121,135796,senado,5982,25982,Alessandro Vieira
9691c5966cca049801359fe89b5166a0,138552,senado,5979,25979,Leila Barros
9691c5966cca049801359fe89b5166a0,138552,senado,5959,25959,Styvenson Valentim
9691c5966cca049801359fe89b5166a0,138552,senado,475,2475,Confúcio Moura
1f8fbe1054bb174908f989d6e29ccf32,140489,senado,5988,25988,Soraya Thronicke
6c74bedf8b714e465f7fe246047a3710,140530,senado,581,2581,Jaques Wagner
ff29ff4d916a03cd3753ede7dd6b982c,140541,senado,677,2677,Roberto Rocha
375ef8c5e25da01d57a22f8a33fa4bb1,140613,senado,5012,25012,Randolfe Rodrigues
2d8e49e60313f657cf1870f22524cb41,136417,senado,5748,25748,Veneziano Vital do Rêgo
1865182af6d37f87234698314e7cbf89,139916,senado,5012,25012,Randolfe Rodrigues
4c04ec8caeab978a8777a5b6fec31fc6,139917,senado,5535,25535,Telmário Mota
2248dff228becaf25dba94d74e629842,140744,senado,5718,25718,Eliziane Gama
9365bf8da2953679ce72de33d4648f66,140818,senado,4531,24531,Jayme Campos
c9f0b0979086bb844be663a309d34a46,135117,senado,4560,24560,Sérgio Petecão
99da4c897f087ff611abdaeb5259ffe4,138337,senado,5502,25502,Plínio Valério
f7e1f34e5ffcdf29fd417c97f06aed94,135169,senado,5783,25783,Zenaide Maia
46f21b82789c07a457d65619991a3e56,135161,senado,5529,25529,Antonio Anastasia
ad9a166563c2b6a16683d400807968cd,135158,senado,5666,25666,Major Olimpio
d015c5e324b9f1e9802bf27a39d4f6de,135179,senado,5529,25529,Antonio Anastasia
d6e50d85963fb11027eb81cf33bd9284,135207,senado,5905,25905,Rodrigo Cunha
2e151a23e0aa2a0fb0e2201e9a5cf7f2,135230,senado,5502,25502,Plínio Valério
2e151a23e0aa2a0fb0e2201e9a5cf7f2,135230,senado,581,2581,Jaques Wagner
2e151a23e0aa2a0fb0e2201e9a5cf7f2,135230,senado,742,2742,Marcelo Castro
3b5600a471a8a8963f871d84d12ecab0,135240,senado,5535,25535,Telmário Mota
1500badc155ea18ae6494b247a96c52f,135332,senado,4531,24531,Jayme Campos
ec3dbed2d3301d16b28eea24b99ee293,135377,senado,3806,23806,Zequinha Marinho
7ef9a245638bf643a4aafe7bdb59fce3,135567,senado,742,2742,Marcelo Castro
9beba6e170796ac2e3c566455e81b0dd,135586,senado,475,2475,Confúcio Moura
fd91e219410c99797253583155372fc3,135653,senado,5012,25012,Randolfe Rodrigues
528b129ac1078010f36741d9c81eed63,135672,senado,5926,25926,Lucas Barreto
15a86f2c1f06a7ed346e413e22d922b4,135651,senado,5523,25523,Otto Alencar
174918a8ca09646dac9b3129465fa44c,135664,senado,475,2475,Confúcio Moura
0a47e56a70f7c68aa7176ebe6ae36476,135686,senado,5990,25990,Carlos Viana
2910a0a3952ecfa66450c10972e4c6ee,135681,senado,5523,25523,Otto Alencar
8d586dc2f46e2e13fed1fde33fa79f42,135717,senado,5531,25531,Elmano Férrer
0aae05928abb6a83a51cbfd42d935b69,135799,senado,5953,25953,Fabiano Contarato
9bf8748d316c4477868db3932db87f60,135801,senado,6027,26027,Mecias de Jesus
0ed08f124eb6abb9f44ff7f736630477,135818,senado,581,2581,Jaques Wagner
9748f842c85768b1073df07ce4032e90,135859,senado,581,2581,Jaques Wagner
1a74054629a02e97250b77cfc97e5e82,135868,senado,5953,25953,Fabiano Contarato
1973c4b6e45af8a78f781b41ddaf3987,135948,senado,374,2374,Paulo Rocha
162063385d8d75aa905e6efb0a53a975,135986,senado,5531,25531,Elmano Férrer
abd12935c2bfaa6ded47f2a7c5fe75eb,136084,senado,1186,21186,Luis Carlos Heinze
57787c5911fa085b010161fe1ce8d620,136265,senado,5979,25979,Leila Barros
0ea9962317f8137607c3bdf36ac40ce2,136294,senado,5411,25411,Weverton
a2fb06e44cb548d95fa3144ce7a6c2ba,136339,senado,285,2285,Marcio Bittar
b8b7b29c9cec9e90d28283d2e14e674d,136371,senado,677,2677,Roberto Rocha
7f9600865fe9990e2484f26f6ea9e6c9,136380,senado,5422,25422,Marcos Rogério
a09b639691bf7971bcfbf2a1d0a92fe3,136643,senado,5732,25732,Rodrigo Pacheco
93eaced4ff4d64d99ea77fc595009965,138122,senado,5979,25979,Leila Barros
5b6dc6647355a71b84b2af01c50e9385,136782,senado,5985,25985,Nelsinho Trad
6dfd44aa84fda3908878ad70308ee41d,136798,senado,5585,25585,Luiz do Carmo
bb11bd8140ae5e01dbf0944857bc71e9,137008,senado,5982,25982,Alessandro Vieira
d8a02979d2829415b1b87a300ce96d86,137118,senado,677,2677,Roberto Rocha
4aa48de07ffa76e8eeed3a75c25034a3,137294,senado,4560,24560,Sérgio Petecão
91223a8f8656506811b60b70e889d5f9,137404,senado,1186,21186,Luis Carlos Heinze
17616f03d63d1c483336c7b232f057c2,137486,senado,4981,24981,Acir Gurgacz
f9bd7e777361dbd947f299ca037b45ca,137599,senado,5523,25523,Otto Alencar
1d5f1af19f04d44e5413beafca8f9ef7,137601,senado,5523,25523,Otto Alencar
b07a1fa9fc92647d95996f1cf2d0e050,137653,senado,5895,25895,Jorge Kajuru
e56e3cdbc6506aff6322820bf2e45ffb,137657,senado,5953,25953,Fabiano Contarato
0bb217da1e776f91e1544d7d9cc67215,137828,senado,4981,24981,Acir Gurgacz
ba9b9c25cbb737369245a9b06d6cff42,140534,senado,5982,25982,Alessandro Vieira
ca3f10dd9ddb8b43db025b84e0f231e9,137850,senado,5523,25523,Otto Alencar
daa56dae713f27b1143ea567d69fbaef,138338,senado,5502,25502,Plínio Valério
b5538ce6f5ee64cbc724580efe60b347,138480,senado,5718,25718,Eliziane Gama
fa25d0ef3929442479d163ad825f2620,138540,senado,5979,25979,Leila Barros
fa25d0ef3929442479d163ad825f2620,138540,senado,475,2475,Confúcio Moura
fa25d0ef3929442479d163ad825f2620,138540,senado,5976,25976,Eduardo Girão
a8627a07771b873fb5cd7ae6b362b83e,138694,senado,5988,25988,Soraya Thronicke
233b334de3092a3bb6287ceec89d6d5c,138735,senado,5718,25718,Eliziane Gama
a534d78618d3fa7d51ebb1fed82e7395,138812,senado,5982,25982,Alessandro Vieira
83eea3a21f9bde0d61e38296db52b505,138839,senado,4994,24994,Eduardo Braga
7d6fe0516894b21b34d3f7a78b24264d,138873,senado,5718,25718,Eliziane Gama
f91fa97644948efa473e5b80e9766d21,138892,senado,5924,25924,Oriovisto Guimarães
6b9659992d6915b7ef8607ef048d5eca,138902,senado,5982,25982,Alessandro Vieira
2d65473c1302ad224a26429e46d9b88c,138904,senado,581,2581,Jaques Wagner
f069f3b7a64a1125a6607488ad645f39,138937,senado,22,222,Esperidião Amin
1af82e91b2c98778f90d7cf2ce4220e1,139054,senado,285,2285,Marcio Bittar
86d5c2c186312f2c2fcaaff1f00b226c,139066,senado,5627,25627,Jean Paul Prates
106d3cade46a4714ce9f835fb0664b07,139154,senado,5012,25012,Randolfe Rodrigues
8257571ac8a49dddd8d582108170a08f,139267,senado,5627,25627,Jean Paul Prates
ddcf29758528b140118b6054030a025e,139361,senado,5718,25718,Eliziane Gama
b4b7bb2ce226e8d5c143a3b0df65bb0f,139527,senado,5953,25953,Fabiano Contarato
1495e57cedf0e50546d3ae9eaeb1cd66,139585,senado,4531,24531,Jayme Campos
1765e127a5122196a65b561f8d61bead,139662,senado,5627,25627,Jean Paul Prates
b74153bc72d64fb641696373fe616c73,139839,senado,5012,25012,Randolfe Rodrigues
18c56b8f58b39196112039260af7f168,139848,senado,5982,25982,Alessandro Vieira
0c5ce178d09d477b44e90b25dd3ee1b3,139858,senado,5988,25988,Soraya Thronicke
289e253a4ca6cb9abba709aeba6c5440,139853,senado,475,2475,Confúcio Moura
c08ac5eecb70a8d884aafbd636f5e3d9,139856,senado,4770,24770,Izalci Lucas
b6623595facee83a19d1004c11957b9b,139966,senado,5535,25535,Telmário Mota
8f77140002b2c752fc00029894085851,139988,senado,4560,24560,Sérgio Petecão
b3ecc73d08f5b4d6ec87341e7223f5c9,140347,senado,374,2374,Paulo Rocha
d0655141109fd7a195eccbbf1e1aa74d,2192431,camara,204356,1204356,Amaro Neto
7db2799740c7bddb7f4701db47ad25e7,2198163,camara,204550,1204550,Junior Mano
f11a4df4fef3f14758284bb1d008f9d4,2210674,camara,143084,1143084,Tiago Dimas
f11a4df4fef3f14758284bb1d008f9d4,2210674,camara,204356,1204356,Amaro Neto
fad9f9b739cc2bd58fce57262adc8f19,2214197,camara,204400,1204400,Aline Sleutjes
b850492398eace49708e3b20d62906ec,2193297,camara,204436,1204436,Isnaldo Bulhoes Jr.
78a227f1864dd841548f12b83eedc2c7,2193502,camara,74090,174090,Atila Lins
78a227f1864dd841548f12b83eedc2c7,2193502,camara,204378,1204378,Coronel Chrisostomo
f63a501a886b2b45358125ddbe7f13fb,2198500,camara,160559,1160559,Alceu Moreira
f63a501a886b2b45358125ddbe7f13fb,2198500,camara,204393,1204393,Frei Anastacio Ribeiro
34c210b75a62b7086912e7e4da5e0fb4,2214943,camara,204474,1204474,Juarez Costa
4ee4f8ef2d5c6158f551268de50b3e5c,2220973,camara,204463,1204463,Wladimir Garotinho
2758a9e192a8f87df74b9a4f8c2d00ae,2225700,camara,204436,1204436,Isnaldo Bulhoes Jr.
9c9dcf8210afeb68df3c972520f58eeb,2201529,camara,191923,1191923,Flavio Nogueira
6d2bbca6eb76e7411882054a60839644,2190446,camara,178910,1178910,Joaquim Passarinho
6d2bbca6eb76e7411882054a60839644,2190446,camara,204370,1204370,Celio Moura
eedf2f7e172a0534c8eeed806eef9164,2190483,camara,204488,1204488,Celio Studart
200a3857111591f2c61c174649fc1b6d,2190623,camara,204374,1204374,Bia Kicis
200a3857111591f2c61c174649fc1b6d,2190623,camara,160570,1160570,Jeronimo Goergen
467e50ee465439697699737e87558cd0,2190988,camara,204517,1204517,Ze Vitor
f684107400cb49c402ddd00a091836a3,2190989,camara,66828,166828,Fausto Pinato
5b9a268545839d1c2293a226d28cd2d4,2191061,camara,204388,1204388,Bibo Nunes
fe67ca9f845bd8ec47aeb8bc5f190c67,2191098,camara,178992,1178992,Vitor Lippi
b81b46388c193eeb4fe02d7585f05c1b,2191179,camara,160575,1160575,Erika Kokay
9482830e26c8499433b8e8f265c93957,2191513,camara,178962,1178962,Carlos Gomes
9482830e26c8499433b8e8f265c93957,2191513,camara,204472,1204472,Jose Medeiros
b7afeb393bdba2c13b9cfd28dd77ae83,2191621,camara,141459,1141459,Joao Maia
92acb771640660fb06bcfa40d7e382bc,2191650,camara,204395,1204395,Pedro Lupion
2bde12e389c795c5d43714df55c4e24b,2192360,camara,178947,1178947,Sostenes Cavalcante
0a18bffbb7a241f3518f3b71f9981296,2192580,camara,74043,174043,Wellington Roberto
5b383a40703b786a7f8ecb47cff02477,2192978,camara,160655,1160655,Ricardo Izar
539786b5611ffae58065309c91f72923,2193043,camara,204494,1204494,Fred Costa
539786b5611ffae58065309c91f72923,2193043,camara,198783,1198783,Emanuel Pinheiro Neto
61376b9e19a90752492ea9241388eaee,2193081,camara,141459,1141459,Joao Maia
e4f8077208cae2f57717511f550498be,2193221,camara,207176,1207176,Bia Cavassa
4fac10e0bbf78781c20ae5cb52a9a984,2193952,camara,204393,1204393,Frei Anastacio Ribeiro
4a001f7671130d9d64f0a0c83095ed84,2194103,camara,178962,1178962,Carlos Gomes
df16b2c7ecb909c2d8da98f9f44658e2,2194251,camara,204566,1204566,Marreca Filho
a36bd0e4e0b031b5ffcb9bb6e2e7ba57,2196486,camara,204386,1204386,Jose Mario Schreiner
eeca5e94df0d6e19cefe7bc95001a1ed,2197747,camara,204566,1204566,Marreca Filho
d77b232a1b1d83cac9b8fb35bd62f2a2,2198334,camara,204494,1204494,Fred Costa
aba7a0647180a3b37c576f07cf8de76b,2201538,camara,204434,1204434,Dra. Vanda Milani
b467e1adf56e8aa622a557e34bd330c6,2203390,camara,160655,1160655,Ricardo Izar
15ca3093ce9b8e88a41e215985f16b9e,2205521,camara,204495,1204495,Airton Faleiro
3e9779056b9e669871a10146810e0c72,2206354,camara,204530,1204530,Rodrigo Agostinho
eecc73a15f65cbc6666459377e24da97,2206396,camara,204360,1204360,Silvia Cristina
e654feb4454f214ada6de4345e302535,2208386,camara,204552,1204552,Eduardo Braide
731cd66c6a8e83493395da3dbeac2d0d,2209791,camara,178952,1178952,Walter Alves
aedcc562e73ec3b768d52bdcaebe11d4,2224581,camara,204490,1204490,Charlles Evangelista
b5c62f3d5e5ab27c2496359855ce8b4e,2195043,camara,204393,1204393,Frei Anastacio Ribeiro
028492f72874907250d0505ce7b0bf2b,2195635,camara,146307,1146307,Neri Geller
028492f72874907250d0505ce7b0bf2b,2195635,camara,160665,1160665,Augusto Coutinho
74dbee5272804176a03850c295c1aa54,2214203,camara,204576,1204576,Joao Roma
74dbee5272804176a03850c295c1aa54,2214203,camara,204360,1204360,Silvia Cristina
e333427710591a4b476a4e2b6949e623,2233489,camara,178843,1178843,Marx Beltrao
