id_entidade,id_entidade_parlametria,casa,nome,sexo,partido,uf,governismo,governismo_ma,peso_politico,assinadas,autorias_ponderadas,positivas,negativas,neutras
1023,21023,senado,Maria do Carmo Alves,F,DEM,SE,3.7298376171989354,3.0865091095721358,0.0347646,4,0.1407236729817375,3,0,1
107283,1107283,camara,Gleisi Hoffmann,F,PT,PR,-5.604659487888503,-9.453496286365368,0.116336,5,0.44681117094910194,5,0,0
108338,1108338,camara,Jaqueline Cassol,F,PP,RO,4.367303589584546,6.803791049807032,0.103322,1,1,0,1,0
109429,1109429,camara,Benes Leocádio,M,REPUBLICANOS,RN,4.2193583196236695,4.3929255125791435,0.135582,1,1,0,1,0
112437,1112437,camara,João Marcelo Souza,M,MDB,MA,4.716852646170837,5.601720302894027,0.0834535,0,0,NA,NA,NA
115746,1115746,camara,Gelson Azevedo,M,PL,RJ,5.788999670518869,4.266989723545224,0,0,0,NA,NA,NA
116379,1116379,camara,Darci De Matos,M,PSD,SC,4.823484746193607,0.7453848968832393,0.116512,0,0,NA,NA,NA
1173,21173,senado,Wellington Fagundes,M,PL,MT,1.8223141437247143,0.43452817815427913,0.365028,5,2.1013056835637483,4,1,0
1186,21186,senado,Luis Carlos Heinze,M,PP,RS,7.418527338508717,8.212719413700512,0.476287,6,6,0,6,0
121948,1121948,camara,Adriano Do Baldy,M,PP,GO,7.600996818687207,8.82684454275649,0.0675507,0,0,NA,NA,NA
122158,1122158,camara,Pedro Paulo,M,DEM,RJ,3.1143915718024946,0.017545468796182462,0.142264,0,0,NA,NA,NA
122466,1122466,camara,Ronaldo Martins,M,REPUBLICANOS,CE,5.754947276400404,3.7466094677953325,0.139058,0,0,NA,NA,NA
122974,1122974,camara,Pedro Lucas Fernandes,M,PTB,MA,4.48080929958051,8.498158065632992,0.39347,3,3,3,0,0
1249,21249,senado,Kátia Abreu,F,PP,TO,2.7180466894403494,0.06924174438260167,0.0347646,1,1,0,1,0
128760,1128760,camara,Paulo Marinho Jr,M,PL,MA,4.48497792960125,5.480451573387956,NA,0,0,NA,NA,NA
129618,1129618,camara,Gorete Pereira,F,PL,CE,2.2043137960851826,1.329315473168391,NA,0,0,NA,NA,NA
132504,1132504,camara,Enio Verri,M,PT,PR,-7.014677384494272,-7.17008310801166,0.105363,10,0.7462072025712999,9,0,1
133439,1133439,camara,André Figueiredo,M,PDT,CE,-1.6197915932863456,-2.459714725467551,0.428693,2,2,1,1,0
133810,1133810,camara,Marcelo Moraes,M,PTB,RS,3.2117373480639806,0.08372993885431157,0.138923,0,0,NA,NA,NA
133968,1133968,camara,Paulo Ramos,M,PDT,RJ,-1.735511275372584,-3.6104814386665005,0.148905,4,4,4,0,0
134812,1134812,camara,Edmilson Rodrigues,M,PSOL,PA,-7.055106803499095,-7.248743557970302,0.182547,10,1.8705938697318008,9,1,0
135054,1135054,camara,Cristiano Vale,M,PL,PA,5.1862812986647135,6.872912559769105,0.0716541,0,0,NA,NA,NA
136811,1136811,camara,Afonso Hamm,M,PP,RS,4.45616723626874,5.435949598866436,0.139661,1,1,0,1,0
137070,1137070,camara,Vicentinho Júnior,M,PL,TO,6.195854905132656,4.965167918299237,0.0571,2,2,2,0,0
139285,1139285,camara,Lídice Da Mata,F,PSB,BA,-2.90869609738437,-4.759377575944096,0.445341,4,1.1859649122807017,4,0,0
141335,1141335,camara,Beto Faro,M,PT,PA,-5.2335148689005955,-9.144658931482422,0.111351,7,0.31813470036086666,5,0,2
141372,1141372,camara,Aelton Freitas,M,PL,MG,NA,NA,NA,0,0,NA,NA,NA
141391,1141391,camara,Arnaldo Jardim,M,CIDADANIA,SP,2.2299558540904094,1.3125415860930207,0.229201,1,0.5,0,0,1
141398,1141398,camara,Carlos Zarattini,M,PT,SP,-4.919172540000528,-8.55555595250689,0.128135,1,0.019230769230769232,1,0,0
141401,1141401,camara,Carlos Bezerra,M,MDB,MT,3.029949436601715,1.095699133019501,0.137942,0,0,NA,NA,NA
141405,1141405,camara,Celso Maldaner,M,MDB,SC,4.35708093554069,5.465189878913851,0.123578,0,0,NA,NA,NA
141408,1141408,camara,Cleber Verde,M,REPUBLICANOS,MA,4.872176009627863,4.666991875448325,NA,1,1,0,0,1
141411,1141411,camara,Dagoberto Nogueira,M,PDT,MS,-1.1861907694989853,-1.6155008706563478,0.16722,0,0,NA,NA,NA
141417,1141417,camara,Edio Lopes,M,PL,RR,5.518217133905981,4.936646340642453,0.171276,0,0,NA,NA,NA
141421,1141421,camara,Eduardo Da Fonte,M,PP,PE,4.042481752092728,4.797048957362406,0.119127,0,0,NA,NA,NA
141422,1141422,camara,Efraim Filho,M,DEM,PB,4.440281678560357,5.272149257536661,0.121449,1,1,1,0,0
141427,1141427,camara,Fábio Ramalho,M,MDB,MG,3.5283330042265693,8.477273571483142,0.129625,0,0,NA,NA,NA
141428,1141428,camara,Fábio Faria,M,PSD,RN,5.045430215535674,3.275360245445869,0.116424,0,0,NA,NA,NA
141431,1141431,camara,Fernando Coelho Filho,M,DEM,PE,4.201223752175407,3.700243171658764,0.121045,0,0,NA,NA,NA
141434,1141434,camara,Flaviano Melo,M,MDB,AC,4.179939068182554,4.998078854606652,0.148806,0,0,NA,NA,NA
141439,1141439,camara,Chico D'angelo,M,PDT,RJ,-2.1590414188609772,-3.5367236952214895,0.165331,0,0,NA,NA,NA
141440,1141440,camara,Chico Lopes,M,PCdoB,CE,NA,NA,NA,0,0,NA,NA,NA
141450,1141450,camara,Hugo Leal,M,PSD,RJ,3.77194620917658,0.062158914334329296,0.135779,1,1,1,0,0
141458,1141458,camara,João Carlos Bacelar,M,PL,BA,6.589671342506961,1.5503588469343565,0.119348,0,0,NA,NA,NA
141459,1141459,camara,João Maia,M,PL,RN,6.174953565916667,5.971280809041152,0.381378,0,0,NA,NA,NA
141464,1141464,camara,José Airton Félix Cirilo,M,PT,CE,-5.421974452941349,-7.291784195343633,0.152429,1,0.019230769230769232,1,0,0
141470,1141470,camara,José Guimarães,M,PT,CE,-4.760657341689731,-8.341688387620389,0.123442,19,10.702900914538846,17,0,2
141488,1141488,camara,Paulo Teixeira,M,PT,SP,-5.951972849716273,-7.527200882229313,0.145517,13,1.673940988393321,11,0,2
141508,1141508,camara,Mauro Nazif,M,PSB,RO,-1.5645884582520662,-2.1064627177395856,0.125984,5,4.05,2,3,0
141513,1141513,camara,Bilac Pinto,M,DEM,MG,3.8866876943069855,1.2414409071638595,NA,0,0,NA,NA,NA
141515,1141515,camara,Otavio Leite,M,PSDB,RJ,NA,NA,NA,0,0,NA,NA,NA
141516,1141516,camara,Paulo Abi-Ackel,M,PSDB,MG,3.304718506763402,8.179212048072316,0.0972334,0,0,NA,NA,NA
141518,1141518,camara,Paulo Pereira Da Silva,M,SOLIDARIEDADE,SP,2.115177454189432,1.2193164533147538,0.166954,0,0,NA,NA,NA
141523,1141523,camara,Raul Henry,M,MDB,PE,3.461549106802204,-0.27708448608441394,0.0943247,1,1,1,0,0
141531,1141531,camara,Rodrigo De Castro,M,PSDB,MG,2.9414405159945893,-1.7424105058777197,0.120658,0,0,NA,NA,NA
141552,1141552,camara,Valtenir Pereira,M,MDB,MT,5.3086129167878955,4.4557155558473625,NA,0,0,NA,NA,NA
141553,1141553,camara,Vanderlei Macris,M,PSDB,SP,2.9247183618318715,-0.4505690529887083,0.162682,0,0,NA,NA,NA
141555,1141555,camara,Vinicius Carvalho,M,REPUBLICANOS,SP,4.093586680917822,4.944796761496127,0.0347646,0,0,NA,NA,NA
143084,1143084,camara,Tiago Dimas,M,SOLIDARIEDADE,TO,2.8804229705853164,2.06682076438595,0.105788,0,0,NA,NA,NA
143632,1143632,camara,Domingos Neto,M,PSD,CE,4.898160045792464,0.6286821767265831,0.0932629,0,0,NA,NA,NA
146307,1146307,camara,Neri Geller,M,PP,MT,7.457145353379687,8.449544580089668,0.185136,0,0,NA,NA,NA
146788,1146788,camara,Marcelo Aro,M,PP,MG,6.402424137075172,4.248332805835123,0.0347646,0,0,NA,NA,NA
150418,1150418,camara,Márcio Marinho,M,REPUBLICANOS,BA,4.441662369199879,3.699095686205915,0.0695292,0,0,NA,NA,NA
151,2151,senado,Luiz Pastore,M,MDB,ES,10,1.0423076112104859,0.139058,2,1.0333333333333334,2,0,0
151208,1151208,camara,Laercio Oliveira,M,PP,SE,5.618755968209683,6.344405690189859,0.118346,0,0,NA,NA,NA
152605,1152605,camara,Glauber Braga,M,PSOL,RJ,-10,-10,0.18716,8,0.8361111111111111,7,1,0
152610,1152610,camara,Roberto Alves,M,REPUBLICANOS,SP,4.482160471526438,5.552113393842372,0.0695292,0,0,NA,NA,NA
154178,1154178,camara,Milton Vieira,M,REPUBLICANOS,SP,4.653265877356214,3.5911282319359117,0.0869115,0,0,NA,NA,NA
156190,1156190,camara,Marcel Van Hattem,M,NOVO,RS,6.225237877416902,6.63913710475266,0.370616,1,0.14285714285714285,1,0,0
157130,1157130,camara,Túlio Gadêlha,M,PDT,PE,-2.7077926454125345,-3.9013573182405725,0.0682329,7,0.5089429174848733,7,0,0
159237,1159237,camara,Assis Carvalho,M,PT,PI,-6.983218943001574,-7.580842327976823,0.0961511,1,0.019230769230769232,1,0,0
159238,1159238,camara,Marcus Pestana,M,PSDB,MG,NA,NA,NA,0,0,NA,NA,NA
160508,1160508,camara,Afonso Florence,M,PT,BA,-6.854015545309499,-6.4148096682061055,0.0855445,5,0.5144211725094078,4,0,1
160510,1160510,camara,Luis Tibé,M,AVANTE,MG,4.616886869160783,5.597552698112727,0.580646,0,0,NA,NA,NA
160511,1160511,camara,Alessandro Molon,M,PSB,RJ,-3.0153705474707024,-7.358340047947766,0.444478,15,11.285964912280702,15,0,0
160512,1160512,camara,Aureo Ribeiro,M,SOLIDARIEDADE,RJ,2.9607770080724336,3.868221898772937,0.190028,1,1,1,0,0
160517,1160517,camara,Paulo Foletto,M,PSB,ES,NA,NA,NA,0,0,NA,NA,NA
160518,1160518,camara,Weliton Prado,M,PROS,MG,-0.29176363544765316,-3.317668824913693,0.221228,2,1,2,0,0
160527,1160527,camara,Aguinaldo Ribeiro,M,PP,PB,5.518472207972938,5.542530534454318,0.396627,0,0,NA,NA,NA
160528,1160528,camara,Danilo Cabral,M,PSB,PE,-2.047362016695641,-4.980876054232571,0.126774,4,0.23711433756805808,4,0,0
160531,1160531,camara,Jhonatan De Jesus,M,REPUBLICANOS,RR,4.917985263157572,4.8106681470580845,0.312882,1,0.2,0,1,0
160532,1160532,camara,Eli Corrêa Filho,M,DEM,SP,3.9274148646707054,4.916942503894916,NA,0,0,NA,NA,NA
160534,1160534,camara,Lauriete,F,PSC,ES,4.558622680914768,1.7992519920375099,0.081077,0,0,NA,NA,NA
160535,1160535,camara,Marcon,M,PT,RS,-4.936523157639074,-8.348767433528966,0.136621,13,1.854581586807753,11,0,2
160538,1160538,camara,Bohn Gass,M,PT,RS,-7.4215296650000715,-8.133571856697998,0.136621,3,1.0419580419580419,3,0,0
160541,1160541,camara,Arthur Lira,M,PP,AL,5.809136496230341,8.344254345385192,0.41205,0,0,NA,NA,NA
160545,1160545,camara,Alexandre Leite,M,DEM,SP,3.984909887977178,1.8769834667629581,0.111361,1,1,0,1,0
160552,1160552,camara,Danrlei De Deus Hinterholz,M,PSD,RS,2.812079317009781,-0.42597072450678475,0.184002,0,0,NA,NA,NA
160553,1160553,camara,Antonio Brito,M,PSD,BA,3.2878403932072544,3.7342230506730782,0.371556,0,0,NA,NA,NA
160556,1160556,camara,Padre João,M,PT,MG,-7.53477432424644,-7.980371683740026,0.206952,18,3.0747586319847984,15,0,3
160558,1160558,camara,Paulo Freire Costa,M,PL,SP,4.944949525205315,3.482655275007456,0.113958,0,0,NA,NA,NA
160559,1160559,camara,Alceu Moreira,M,MDB,RS,4.390474277201349,3.9770647376141266,0.143271,4,4,3,1,0
160569,1160569,camara,Waldenor Pereira,M,PT,BA,-7.086404658928979,-8.403899378238753,0.120309,2,0.04195804195804196,2,0,0
160570,1160570,camara,Jerônimo Goergen,M,PP,RS,4.483496219282772,7.576276828973306,0.125756,4,4,2,2,0
160575,1160575,camara,Erika Kokay,F,PT,DF,-6.453196971072883,-8.186060722380688,0.204777,10,2.7104605962364583,8,0,2
160587,1160587,camara,Fábio Trad,M,PSD,MS,2.5902597184141474,0.9020517386744764,0.0857601,3,3,1,0,2
160588,1160588,camara,Diego Andrade,M,PSD,MG,5.013149061669349,4.182213841463433,0.105346,1,1,0,0,1
160589,1160589,camara,Bruna Furlan,F,PSDB,SP,1.9853974811745303,-1.4455747005866506,0.124108,0,0,NA,NA,NA
160591,1160591,camara,Vinicius Gurgel,M,PL,AP,7.328027451280509,4.446359184434414,NA,0,0,NA,NA,NA
160592,1160592,camara,Zeca Dirceu,M,PT,PR,-6.937883103392825,-7.367568030559216,0.122726,1,0.019230769230769232,1,0,0
160598,1160598,camara,Flávia Morais,F,PDT,GO,-0.887575124354381,-1.3754782626480448,0.254536,0,0,NA,NA,NA
160599,1160599,camara,Dimas Fabiano,M,PP,MG,6.386012212897889,7.741574436673716,0.161991,0,0,NA,NA,NA
160600,1160600,camara,Arthur Oliveira Maia,M,DEM,BA,3.6317554170584376,1.7131197038840043,0.155817,0,0,NA,NA,NA
160601,1160601,camara,Pr. Marco Feliciano,M,REPUBLICANOS,SP,5.21357737718278,0.6917304490558465,0.459197,0,0,NA,NA,NA
160604,1160604,camara,Pedro Uczai,M,PT,SC,-6.429172366444439,-7.911813714678381,0.120736,10,2.3514680336942,8,0,2
160610,1160610,camara,Valmir Assunção,M,PT,BA,-6.818220461288379,-8.218783268005833,0.102927,14,1.9045815868077531,11,0,3
160619,1160619,camara,José Nunes,M,PSD,BA,3.528234008205345,5.487487542303546,0.150513,0,0,NA,NA,NA
160621,1160621,camara,Sandro Alex,M,PSD,PR,NA,NA,NA,0,0,NA,NA,NA
160632,1160632,camara,Zé Silva,M,SOLIDARIEDADE,MG,3.5869005193279264,4.118648116868409,0.146128,9,3.549145299145299,7,1,1
160635,1160635,camara,Ruy Carneiro,M,PSDB,PB,2.1241115387396263,-0.6426533611499554,0.121596,1,1,1,0,0
160639,1160639,camara,Professora Dorinha Seabra Rezende,F,DEM,TO,2.7232805339034307,4.997904464416452,0.125105,0,0,NA,NA,NA
160640,1160640,camara,Eros Biondini,M,PROS,MG,5.565859472799824,3.29230211942148,0.160726,1,1,1,0,0
160641,1160641,camara,Professora Marcivania,F,PCdoB,AP,-2.9179978222681147,-9.573364698880246,0.415165,1,0.125,1,0,0
160642,1160642,camara,Pastor Eurico,M,PATRIOTA,PE,6.052345779743057,4.33309775550628,0.132335,1,1,1,0,0
160645,1160645,camara,Luiz Carlos,M,PSDB,AP,3.6073440192281847,10,0.0785099,1,0.3333333333333333,0,0,1
160651,1160651,camara,Rogério Peninha Mendonça,M,MDB,SC,4.794399566366547,3.112357424364898,0.14096,1,1,0,1,0
160653,1160653,camara,Roberto De Lucena,M,PODE,SP,3.367788824409697,-1.1584705643700524,0.162369,3,3,2,0,1
160655,1160655,camara,Ricardo Izar,M,PP,SP,2.688062555262661,-1.8385838319310785,0.110637,7,3.8333333333333335,7,0,0
160665,1160665,camara,Augusto Coutinho,M,SOLIDARIEDADE,PE,3.7213582217810632,4.227572384602931,0.461692,0,0,NA,NA,NA
160666,1160666,camara,Félix Mendonça Júnior,M,PDT,BA,-0.45610337677755197,-0.36510758011460176,0.422337,0,0,NA,NA,NA
160667,1160667,camara,Guilherme Mussi,M,PP,SP,5.8128791140568055,4.812858407543569,0.1068,0,0,NA,NA,NA
160669,1160669,camara,Genecias Noronha,M,SOLIDARIEDADE,CE,3.6434132852304515,3.070164275086613,0.149517,0,0,NA,NA,NA
160672,1160672,camara,Jean Wyllys,M,PSOL,RJ,NA,NA,NA,0,0,NA,NA,NA
160673,1160673,camara,Giovani Cherini,M,PL,RS,5.753344755192128,4.4135178356181335,0.155906,1,1,0,0,1
160674,1160674,camara,Hugo Motta,M,REPUBLICANOS,PB,3.198238548518882,5.359564999201973,0.0347646,0,0,NA,NA,NA
160758,1160758,camara,Domingos Sávio,M,PSDB,MG,3.5402399283216006,5.49293746947529,0.129767,2,2,1,0,1
160976,1160976,camara,Tiririca,M,PL,SP,0.47218365622754455,-0.10117735754237067,0.094827,1,1,1,0,0
161550,1161550,camara,Emidinho Madeira,M,PSB,MG,1.9478425475175989,-0.16052522935463642,0.0779817,0,0,NA,NA,NA
162332,1162332,camara,Luiz Nishimori,M,PL,PR,5.692244129418331,8.060508318379064,0.150603,2,2,0,1,1
164359,1164359,camara,Delegado Waldir,M,PSL,GO,3.45728803892575,-0.5315860929198788,0.441378,1,1,1,0,0
164360,1164360,camara,Carmen Zanotto,F,CIDADANIA,SC,1.9309031523639053,0.7621424803901604,0.188532,1,1,1,0,0
166402,1166402,camara,Magda Mofatto,F,PL,GO,4.526464505518199,2.0109977740792147,0.168572,1,1,0,0,1
168175,1168175,camara,Simplício Araújo,M,SOLIDARIEDADE,MA,5.762645495860532,NA,NA,1,1,0,0,1
171617,1171617,camara,Paulão,M,PT,AL,-7.325272192125702,-9.110398005296345,0.126114,5,0.20560746724539827,4,0,1
171619,1171619,camara,Margarida Salomão,F,PT,MG,-4.249814400533149,-7.644298914671927,0.0906185,5,1.1264408005787316,4,0,1
171623,1171623,camara,Fabio Reis,M,MDB,SE,3.401167084477466,1.209657047594261,0.12418,0,0,NA,NA,NA
177282,1177282,camara,Subtenente Gonzaga,M,PDT,MG,-1.250132762823256,-2.386735850764542,0.125059,0,0,NA,NA,NA
178825,1178825,camara,Leo De Brito,M,PT,AC,-9.033275043690324,-5.915411309593249,NA,0,0,NA,NA,NA
178829,1178829,camara,Capitão Augusto,M,PL,SP,4.770914638172544,5.371942935335909,0.376107,0,0,NA,NA,NA
178830,1178830,camara,Dr. Sinval Malheiros,M,PODE,SP,2.714786200079116,-1.290214691125012,NA,0,0,NA,NA,NA
178831,1178831,camara,André Abdon,M,PP,AP,8.201701649577053,5.861070914021436,0.070946,0,0,NA,NA,NA
178832,1178832,camara,Leandre,F,PV,PR,1.2311911448674895,-2.7719633575816918,0.434067,5,3.75,4,0,1
178833,1178833,camara,Alexandre Serfiotis,M,PSD,RJ,1.4006848953866786,-1.3671603975693678,0.188741,0,0,NA,NA,NA
178835,1178835,camara,Afonso Motta,M,PDT,RS,-0.7098676929229129,-0.5402101621874866,0.119472,1,1,1,0,0
178836,1178836,camara,Alan Rick,M,DEM,AC,3.5888998243279815,4.491276832019178,0.0656601,0,0,NA,NA,NA
178839,1178839,camara,Jéssica Sales,F,MDB,AC,3.3533318743488003,1.7198804834952632,0.0670989,2,2,1,0,1
178842,1178842,camara,Jhc,M,PSB,AL,0.3729664740306404,-2.355257728018988,0.0747108,1,0.1,1,0,0
178843,1178843,camara,Marx Beltrão,M,PSD,AL,4.2052176959463985,1.3686054397052274,0.131849,0,0,NA,NA,NA
178844,1178844,camara,Pedro Vilela,M,PSDB,AL,NA,NA,NA,0,0,NA,NA,NA
178853,1178853,camara,Caetano,M,PT,BA,NA,NA,NA,0,0,NA,NA,NA
178854,1178854,camara,Elmar Nascimento,M,DEM,BA,3.8851856337413615,6.182465021093591,0.439567,0,0,NA,NA,NA
178857,1178857,camara,Jorge Solla,M,PT,BA,-6.229219120361085,-7.711517948550505,0.0650662,6,0.32759022586608794,4,0,2
178858,1178858,camara,Mário Negromonte Jr.,M,PP,BA,3.3144161867447792,4.222697236839725,0.0975581,1,1,1,0,0
178860,1178860,camara,Paulo Azi,M,DEM,BA,4.258753350244053,1.005364385794616,0.134668,0,0,NA,NA,NA
178861,1178861,camara,Ronaldo Carletto,M,PP,BA,7.277201364851422,5.589382681898522,0.123457,0,0,NA,NA,NA
178863,1178863,camara,Uldurico Junior,M,PROS,BA,2.577254353539896,1.344444165245518,0.0173823,1,1,1,0,0
178866,1178866,camara,Luizianne Lins,F,PT,CE,-6.240018523591004,-3.619189708556653,0.13765,4,1.0764408005787316,4,0,0
178871,1178871,camara,Evair Vieira De Melo,M,PP,ES,5.818829761993188,3.1557664022224614,0.0598517,0,0,NA,NA,NA
178873,1178873,camara,Helder Salomão,M,PT,ES,-6.84870596131532,-7.8348361543111595,0.392528,9,4.22458894872688,9,0,0
178874,1178874,camara,Sergio Vidigal,M,PDT,ES,-1.514690464626824,-3.4164074015434096,0.160017,1,1,1,0,0
178876,1178876,camara,Célio Silveira,M,PSDB,GO,3.3138297603682503,4.643133198091849,0.142073,0,0,NA,NA,NA
178879,1178879,camara,Lucas Vergilio,M,SOLIDARIEDADE,GO,3.986417967047851,7.227311989351563,0.0957208,0,0,NA,NA,NA
178881,1178881,camara,Aluisio Mendes,M,PSC,MA,5.299096247497243,0.1657414939293762,0.0173823,0,0,NA,NA,NA
178882,1178882,camara,André Fufuca,M,PP,MA,5.422972696538844,3.9369997964962415,0.457023,0,0,NA,NA,NA
178884,1178884,camara,Hildo Rocha,M,MDB,MA,3.6176235020976026,4.962691440742653,0.0695476,1,1,1,0,0
178886,1178886,camara,Juscelino Filho,M,DEM,MA,3.789534840904656,1.8259556576668672,0.0718183,0,0,NA,NA,NA
178887,1178887,camara,Rubens Pereira Júnior,M,PCdoB,MA,-3.579665698895634,-6.302495867843601,NA,1,1,1,0,0
178889,1178889,camara,Zé Carlos,M,PT,MA,-5.408557865966127,-8.35603871471605,0.0803544,3,0.09075056488849592,3,0,0
178895,1178895,camara,Misael Varella,M,PSD,MG,4.093403945322349,-0.5218844426742137,0.101637,0,0,NA,NA,NA
178896,1178896,camara,Newton Cardoso Jr,M,MDB,MG,3.891909081817724,4.654578956645917,0.355595,0,0,NA,NA,NA
178901,1178901,camara,Tereza Cristina,F,DEM,MS,8.128740800787334,NA,NA,1,1,1,0,0
178908,1178908,camara,Delegado Éder Mauro,M,PSD,PA,6.120826951787667,3.166729803679903,0.0690726,2,2,0,2,0
178909,1178909,camara,Hélio Leite,M,DEM,PA,3.891732482229475,2.208078659341659,0.14671,0,0,NA,NA,NA
178910,1178910,camara,Joaquim Passarinho,M,PSD,PA,5.034847255778413,-0.15364627575479517,0.0734838,1,0.1111111111111111,1,0,0
178912,1178912,camara,Pedro Cunha Lima,M,PSDB,PB,2.7971776118312786,-0.12809165053960925,0.349905,2,0.1213235294117647,2,0,0
178916,1178916,camara,Daniel Coelho,M,CIDADANIA,PE,2.150360139817934,-2.5460198050781138,0.474833,0,0,NA,NA,NA
178920,1178920,camara,Ricardo Teobaldo,M,PODE,PE,3.1903431785195338,0.13759574347427694,0.198718,0,0,NA,NA,NA
178921,1178921,camara,Sebastião Oliveira,M,AVANTE,PE,5.657996860754507,8.169539420711569,0.125755,0,0,NA,NA,NA
178922,1178922,camara,Tadeu Alencar,M,PSB,PE,-2.1144545226617497,-7.62290198254899,0.370073,5,1.2204476709013914,5,0,0
178924,1178924,camara,Capitão Fábio Abreu,M,PL,PI,4.010059683954417,2.7615720468858918,NA,0,0,NA,NA,NA
178925,1178925,camara,Rejane Dias,F,PT,PI,-3.932548770409303,-7.571427526030313,0.0811363,1,0.019230769230769232,1,0,0
178927,1178927,camara,Aliel Machado,M,PSB,PR,-1.846949833893122,-3.665227598078964,0.114071,3,0.20263157894736844,3,0,0
178928,1178928,camara,Christiane De Souza Yared,F,PL,PR,4.9049530054445984,4.728176063221651,0.095073,0,0,NA,NA,NA
178929,1178929,camara,Diego Garcia,M,PODE,PR,4.343199457898288,5.0189497588628385,0.114792,0,0,NA,NA,NA
178930,1178930,camara,Roman,M,PATRIOTA,PR,4.632547347211007,6.1020335707586035,0.0893046,0,0,NA,NA,NA
178931,1178931,camara,Luciano Ducci,M,PSB,PR,-0.1285346691002882,-1.4881243868781837,0.121103,1,1,1,0,0
178933,1178933,camara,Sergio Souza,M,MDB,PR,4.409211703664118,4.887824045938194,0.356023,0,0,NA,NA,NA
178934,1178934,camara,Toninho Wandscheer,M,PROS,PR,4.606969462313913,7.609600308017242,0.387487,1,1,0,0,1
178937,1178937,camara,Altineu Côrtes,M,PL,RJ,3.9997476698273715,0.6293586306393717,NA,0,0,NA,NA,NA
178939,1178939,camara,Clarissa Garotinho,F,PROS,RJ,0.7534040712879282,-2.368543823839138,0.189546,1,1,0,1,0
178943,1178943,camara,Marcos Soares,M,DEM,RJ,NA,NA,NA,0,0,NA,NA,NA
178945,1178945,camara,Rosangela Gomes,F,REPUBLICANOS,RJ,4.182884066126276,5.288224874305962,0.104294,0,0,NA,NA,NA
178946,1178946,camara,Soraya Santos,F,PL,RJ,4.7156623069968155,5.11930213746221,0.471432,0,0,NA,NA,NA
178947,1178947,camara,Sóstenes Cavalcante,M,DEM,RJ,4.611996224173982,5.543021904127308,0.117058,0,0,NA,NA,NA
178948,1178948,camara,Beto Rosado,M,PP,RN,4.23326233786597,5.534295608353631,0.0687711,0,0,NA,NA,NA
178951,1178951,camara,Rafael Motta,M,PSB,RN,-1.6632441091843102,-4.539019354220075,0.111609,7,4.137114337568058,6,0,1
178952,1178952,camara,Walter Alves,M,MDB,RN,3.929156678061336,6.0995430123862135,0.10855,1,1,1,0,0
178953,1178953,camara,Expedito Netto,M,PSD,RO,2.0027062491866694,0.3897600816548952,0.418883,2,2,1,0,1
178954,1178954,camara,Lucio Mosquini,M,MDB,RO,3.486032874242685,6.906090730893347,0.0663788,3,3,0,2,1
178956,1178956,camara,Mariana Carvalho,F,PSDB,RO,3.076104527050827,1.0697369818521558,0.118079,0,0,NA,NA,NA
178959,1178959,camara,Hiran Gonçalves,M,PP,RR,4.552793544570752,9.128199323367085,0.103046,2,0.45,0,2,0
178961,1178961,camara,Shéridan,F,PSDB,RR,2.611929237448134,0.31513104692828797,0.10752,2,1.2,1,1,0
178962,1178962,camara,Carlos Gomes,M,REPUBLICANOS,RS,4.5275876179009025,4.054099296331483,0.0799586,0,0,NA,NA,NA
178963,1178963,camara,Covatti Filho,M,PP,RS,NA,NA,NA,1,1,1,0,0
178964,1178964,camara,Heitor Schuch,M,PSB,RS,-2.0915378007306895,-5.163485085235787,0.142016,4,1.4359649122807017,4,0,0
178966,1178966,camara,Geovania De Sá,F,PSDB,SC,3.6924988984471856,6.900018893969339,0.117009,0,0,NA,NA,NA
178969,1178969,camara,Fábio Mitidieri,M,PSD,SE,1.9091557185245982,-0.46305728667964097,0.370336,0,0,NA,NA,NA
178970,1178970,camara,João Daniel,M,PT,SE,-4.936720480677984,-8.023851506430141,0.0891897,23,9.349026031252198,19,0,4
178972,1178972,camara,Alex Manente,M,CIDADANIA,SP,2.136485375751631,3.4073490123129453,0.211773,0,0,NA,NA,NA
178975,1178975,camara,Baleia Rossi,M,MDB,SP,4.422182560884556,6.446367724117753,0.711664,0,0,NA,NA,NA
178977,1178977,camara,Eduardo Cury,M,PSDB,SP,3.5497799418427824,1.0250854575967505,0.0992433,0,0,NA,NA,NA
178981,1178981,camara,Herculano Passos,M,MDB,SP,4.363488333429313,3.7768739864249135,0.163684,0,0,NA,NA,NA
178982,1178982,camara,Luiz Lauro Filho,M,PSDB,SP,3.0823419221525086,3.3887500828450605,0.139058,0,0,NA,NA,NA
178983,1178983,camara,Marcio Alvino,M,PL,SP,5.823130285910544,5.151113966882194,0.105765,0,0,NA,NA,NA
178984,1178984,camara,Miguel Haddad,M,PSDB,SP,3.137506471123304,3.1699645125134186,0.205513,3,3,3,0,0
178985,1178985,camara,Miguel Lombardi,M,PL,SP,3.5423726916445535,4.859401483126932,0.162633,0,0,NA,NA,NA
178986,1178986,camara,Nilto Tatto,M,PT,SP,-7.5324437132273125,-7.261268628116211,0.0759877,38,16.754832319284652,34,0,4
178987,1178987,camara,Orlando Silva,M,PCdoB,SP,-2.3180500565766007,-3.707173248320509,0.16045,1,0.125,1,0,0
178989,1178989,camara,Renata Abreu,F,PODE,SP,2.8398416070695554,-0.28980813583944176,0.200951,1,1,1,0,0
178990,1178990,camara,Samuel Moreira,M,PSDB,SP,3.110564124574129,0.7892096196127412,0.11652,0,0,NA,NA,NA
178992,1178992,camara,Vitor Lippi,M,PSDB,SP,3.108542750882661,0.607494052666425,0.118602,0,0,NA,NA,NA
178993,1178993,camara,Carlos Henrique Gaguim,M,DEM,TO,4.811309652543795,6.213530497349446,0.142331,2,1.5,1,1,0
178994,1178994,camara,Dulce Miranda,F,MDB,TO,3.500283238487519,1.5292620681534892,0.0828531,0,0,NA,NA,NA
178996,1178996,camara,Giovani Feltes,M,MDB,RS,4.153436759119851,4.874307908549644,0.209324,0,0,NA,NA,NA
178997,1178997,camara,Moses Rodrigues,M,MDB,CE,3.571725960081473,4.1236583826519535,NA,0,0,NA,NA,NA
179000,1179000,camara,Marcelo Álvaro Antônio,M,PSL,MG,4.783544658981111,4.099181275667492,NA,0,0,NA,NA,NA
179001,1179001,camara,Márcio Biolchi,M,MDB,RS,4.243410239540342,5.407118641728072,0.143271,0,0,NA,NA,NA
179587,1179587,camara,Vitor Hugo,M,PSL,GO,7.576011695935556,5.5985716831443515,0.278117,0,0,NA,NA,NA
188097,1188097,camara,Merlong Solano,M,PT,PI,-4.965076240751573,-6.534922224887061,NA,2,0.04195804195804196,2,0,0
191923,1191923,camara,Flávio Nogueira,M,PDT,PI,2.114890682665898,-0.8172982776952153,0.120397,2,2,2,0,0
193726,1193726,camara,Paulo Eduardo Martins,M,PSC,PR,6.1925946405522865,5.774869612523316,0.138976,0,0,NA,NA,NA
194260,1194260,camara,Nivaldo Albuquerque,M,PTB,AL,4.29072198163783,5.207177902000026,0.084658,1,1,1,0,0
195866,1195866,camara,Vaidon Oliveira,M,PROS,CE,4.278100364043171,3.6679405853085214,0.119391,0,0,NA,NA,NA
196,2196,senado,Geraldo Althoff,M,NA,SC,NA,NA,NA,0,0,NA,NA,NA
196358,1196358,camara,Lourival Gomes,M,PSL,RJ,4.1774902933858264,6.221853460991277,0.0173823,0,0,NA,NA,NA
197438,1197438,camara,Tito,M,AVANTE,BA,3.535898348655449,4.442278551247297,0.110746,1,1,0,1,0
198197,1198197,camara,Greyce Elias,F,AVANTE,MG,4.354932281073527,5.563817202465968,NA,4,0.3269230769230769,4,0,0
198783,1198783,camara,Emanuel Pinheiro Neto,M,PTB,MT,2.752520624572126,-0.11036734071466903,0.165381,1,1,1,0,0
204351,1204351,camara,Dr. Luiz Ovando,M,PSL,MS,6.484777812435301,4.880930123654947,0,0,0,NA,NA,NA
204352,1204352,camara,Camilo Capiberibe,M,PSB,AP,-2.8197716873620955,-5.1359541122235886,0.190394,10,2.7862156447576005,10,0,0
204353,1204353,camara,Aline Gurgel,F,REPUBLICANOS,AP,3.1979234911039036,5.049417343448027,0.0173823,3,0.6444444444444444,1,1,1
204354,1204354,camara,Flávia Arruda,F,PL,DF,4.226467449839289,5.072996812854294,0.0709396,2,2,1,1,0
204355,1204355,camara,Da Vitoria,M,CIDADANIA,ES,2.80615992183213,-0.06616044894396644,0.127414,0,0,NA,NA,NA
204356,1204356,camara,Amaro Neto,M,REPUBLICANOS,ES,4.564248751279598,4.628697834548124,0.0173823,2,1.5,0,0,2
204357,1204357,camara,Rose Modesto,F,PSDB,MS,2.3852678157951424,0.6629038590944276,0.165112,1,1,0,0,1
204358,1204358,camara,Beto Pereira,M,PSDB,MS,3.0181291759408158,4.829570889137029,0.10415,0,0,NA,NA,NA
204359,1204359,camara,Léo Moraes,M,PODE,RO,2.7881828701784848,-0.6256858059033945,0.109866,2,1.5,1,1,0
204360,1204360,camara,Silvia Cristina,F,PDT,RO,-0.11981992330533586,-1.808620230020658,0.0702348,0,0,NA,NA,NA
204361,1204361,camara,Carlos Chiodini,M,MDB,SC,4.173591659047236,4.339681418022662,0.0641396,1,1,0,0,1
204362,1204362,camara,Ricardo Guidi,M,PSD,SC,5.404383336480141,0.8547141398395866,0.0727285,0,0,NA,NA,NA
204363,1204363,camara,Osires Damaso,M,PSC,TO,3.6310255359237154,1.4876662242026377,0.090048,0,0,NA,NA,NA
204364,1204364,camara,Eli Borges,M,SOLIDARIEDADE,TO,2.4210362380903057,3.5191880381077763,0.155049,0,0,NA,NA,NA
204365,1204365,camara,Gilson Marques,M,NOVO,SC,6.157005903642236,7.067796110825036,0.0341018,0,0,NA,NA,NA
204366,1204366,camara,Rodrigo Coelho,M,PSB,SC,3.4954441384098907,0.40808219360704356,0.06368,2,0.6,1,0,1
204367,1204367,camara,Daniel Freitas,M,PSL,SC,7.516570765053775,3.3212339462698655,0.0347646,0,0,NA,NA,NA
204368,1204368,camara,Fabio Schiochet,M,PSL,SC,5.354423690563856,6.4148268627630785,0.00490549,1,1,0,1,0
204369,1204369,camara,Caroline De Toni,F,PSL,SC,7.474608884958091,3.9809890328526,0.0173087,1,1,1,0,0
204370,1204370,camara,Célio Moura,M,PT,TO,-4.482645441188434,-6.747522743646701,0.0645268,17,2.1925717828861844,14,0,3
204371,1204371,camara,Felipe Rigoni,M,PSB,ES,0.9186985765946751,-2.461091046447561,0.0222261,3,1.2,3,0,0
204372,1204372,camara,Julio Cesar Ribeiro,M,REPUBLICANOS,DF,4.469278954355422,4.5171589504232745,0.0173823,1,1,0,0,1
204373,1204373,camara,Hélio Costa,M,REPUBLICANOS,SC,2.869459810075341,-0.6322623655273656,0,0,0,NA,NA,NA
204374,1204374,camara,Bia Kicis,F,PSL,DF,9.582992211728268,3.994249582852021,0.0834351,0,0,NA,NA,NA
204375,1204375,camara,Leda Sadala,F,AVANTE,AP,3.9847142688038666,1.9496157600920903,0.060577,0,0,NA,NA,NA
204376,1204376,camara,Coronel Armando,M,PSL,SC,7.170510785248364,4.006340129885054,0.00340283,0,0,NA,NA,NA
204377,1204377,camara,Paula Belmonte,F,CIDADANIA,DF,3.4331707871870503,-0.7838080435312875,0.0339562,1,1,1,0,0
204378,1204378,camara,Coronel Chrisóstomo,M,PSL,RO,6.699809776524237,2.5214807491379965,0,0,0,NA,NA,NA
204379,1204379,camara,Acácio Favacho,M,PROS,AP,4.641593502512835,7.2868136997271975,0.211742,0,0,NA,NA,NA
204380,1204380,camara,Celina Leão,F,PP,DF,4.650323876843315,4.974903450260616,0.100703,1,1,0,1,0
204381,1204381,camara,Luis Miranda,M,DEM,DF,3.867408907013118,4.301360628611841,0,0,0,NA,NA,NA
204382,1204382,camara,Loester Trutis,M,PSL,MS,4.095521111187704,4.650097125295137,0,0,0,NA,NA,NA
204383,1204383,camara,Professor Israel Batista,M,PV,DF,-1.032536534846919,-2.5159073048429414,0.116009,14,4.172472954699121,14,0,0
204384,1204384,camara,Ney Leprevost,M,PSD,PR,2.7932210549303367,NA,NA,1,1,1,0,0
204385,1204385,camara,Valdevan Noventa,M,PL,SE,1.447849341328828,-1.4717287866351523,0.0347646,0,0,NA,NA,NA
204386,1204386,camara,Jose Mario Schreiner,M,DEM,GO,3.7056300665973634,0.3258288800894604,0.0665642,3,3,2,0,1
204387,1204387,camara,Sargento Fahur,M,PSD,PR,4.964793925204049,3.7298222709981133,0.0305083,0,0,NA,NA,NA
204388,1204388,camara,Bibo Nunes,M,PSL,RS,6.347936375808565,2.921590050618617,0,0,0,NA,NA,NA
204389,1204389,camara,Elias Vaz,M,PSB,GO,-2.8681069054198884,-4.863743169372073,0.186033,3,1.1026315789473684,2,0,1
204390,1204390,camara,Professor Alcides,M,PP,GO,5.49449267898652,3.8428391728291516,0.0483777,0,0,NA,NA,NA
204391,1204391,camara,José Nelto,M,PODE,GO,2.6472798724424678,-1.528339033098721,0.445773,3,3,2,1,0
204392,1204392,camara,Francisco Jr.,M,PSD,GO,4.808161835057419,-0.3983287854846207,0.111673,0,0,NA,NA,NA
204393,1204393,camara,Frei Anastacio Ribeiro,M,PT,PB,-5.324072389385068,-7.923303111446417,0.101086,14,1.7545405359046333,11,0,3
204394,1204394,camara,Gervásio Maia,M,PSB,PB,-2.639217224579557,-5.071932576973131,0.123765,5,1.5192982456140351,5,0,0
204395,1204395,camara,Pedro Lupion,M,DEM,PR,6.3133996950311335,5.4278780890561436,0.0875872,0,0,NA,NA,NA
204396,1204396,camara,Vermelho,M,PSD,PR,5.2953914685189485,3.4869737990230387,0.0130326,1,1,0,1,0
204397,1204397,camara,Boca Aberta,M,PROS,PR,0.9706334383389894,-1.7557865081236699,0.0173823,1,1,1,0,0
204398,1204398,camara,Felipe Francischini,M,PSL,PR,5.47556914655657,4.943185401708959,0.295499,0,0,NA,NA,NA
204399,1204399,camara,Schiavinato,M,PP,PR,5.623067447191932,4.948580759071216,0.103772,1,1,1,0,0
204400,1204400,camara,Aline Sleutjes,F,PSL,PR,7.8164372992647415,3.303235274509838,0.0521469,1,1,0,1,0
204403,1204403,camara,Marlon Santos,M,PDT,RS,2.218727572900878,-0.12021489094469828,0.115925,0,0,NA,NA,NA
204404,1204404,camara,Lucas Redecker,M,PSDB,RS,3.7051346993941223,9.01279801521681,0.0914727,1,1,0,1,0
204405,1204405,camara,Liziane Bayer,F,PSB,RS,0.6823509960692657,-1.9313738619475522,0.0623584,2,1.1,1,0,1
204406,1204406,camara,Pedro Westphalen,M,PP,RS,5.529037423745564,4.7321421159720405,0.119363,0,0,NA,NA,NA
204407,1204407,camara,Fernanda Melchionna,F,PSOL,RS,-8.009863849173902,-8.433402615407408,0.137988,10,2.8361111111111112,9,1,0
204408,1204408,camara,Gustinho Ribeiro,M,SOLIDARIEDADE,SE,3.954726585479463,6.351351398032584,0.149369,1,1,1,0,0
204409,1204409,camara,Daniel Trzeciak,M,PSDB,RS,3.2671930253252253,6.979123544584603,0.0302868,0,0,NA,NA,NA
204410,1204410,camara,Luisa Canziani,F,PTB,PR,4.020583718372574,5.42724627656616,0.405069,0,0,NA,NA,NA
204411,1204411,camara,Filipe Barros,M,PSL,PR,7.370583217495554,3.086778273734346,0.0173823,1,1,0,0,1
204412,1204412,camara,Dr. Zacharias Calil,M,DEM,GO,3.6723357978238163,0.5672158409218468,0.0481378,0,0,NA,NA,NA
204413,1204413,camara,Alcides Rodrigues,M,PATRIOTA,GO,6.3353235100039775,4.2785196563836045,0.0173823,0,0,NA,NA,NA
204414,1204414,camara,Aroldo Martins,M,REPUBLICANOS,PR,4.506865648155854,5.207271207268082,0,3,3,2,0,1
204415,1204415,camara,Nereu Crispim,M,PSL,RS,4.897865099226541,5.686550135766916,0,4,4,3,0,1
204416,1204416,camara,Sanderson,M,PSL,RS,6.562151917426949,3.6671129770938133,0,0,0,NA,NA,NA
204418,1204418,camara,Luizão Goulart,M,REPUBLICANOS,PR,3.83900147789387,0.2758823599284437,0.0521469,0,0,NA,NA,NA
204419,1204419,camara,Glaustin Da Fokus,M,PSC,GO,3.4346067991282307,2.4363614095096295,0.118179,0,0,NA,NA,NA
204420,1204420,camara,Julian Lemos,M,PSL,PB,5.096602905896216,7.4746766913511635,0.116467,0,0,NA,NA,NA
204421,1204421,camara,Edna Henrique,F,PSDB,PB,2.2647280778297514,0.3234725978341437,0.0556242,4,4,4,0,0
204422,1204422,camara,Ossesio Silva,M,REPUBLICANOS,PE,4.387163720810426,3.7395607253547887,0.0173823,0,0,NA,NA,NA
204423,1204423,camara,André Ferreira,M,PSC,PE,5.642179274926404,3.645331444163924,0.427229,0,0,NA,NA,NA
204425,1204425,camara,Silvio Costa Filho,M,REPUBLICANOS,PE,4.022484661028924,-0.45980609920089854,0.0695292,0,0,NA,NA,NA
204426,1204426,camara,Carlos Veras,M,PT,PE,-6.172196568181232,-6.106540167467587,0.0353039,11,0.740891110617277,8,0,3
204427,1204427,camara,Fernando Rodolfo,M,PL,PE,3.11379808597726,1.023496679616997,0.0834351,0,0,NA,NA,NA
204428,1204428,camara,Marília Arraes,F,PT,PE,-7.871058695111348,-7.376719300152686,0.105675,3,0.09195804195804197,2,0,1
204429,1204429,camara,João H. Campos,M,PSB,PE,-2.292028476151698,-4.122259940741983,0.0805207,6,0.34317494362866413,6,0,0
204430,1204430,camara,Margarete Coelho,F,PP,PI,3.8124377445710333,-2.0558088948157884,0.0790091,0,0,NA,NA,NA
204431,1204431,camara,Marcos Aurélio Sampaio,M,MDB,PI,4.446637311002,4.4929890384104745,0.0189999,0,0,NA,NA,NA
204432,1204432,camara,Marina Santos,F,SOLIDARIEDADE,PI,3.748662887636609,6.531836500932926,0,0,0,NA,NA,NA
204433,1204433,camara,Marcelo Calero,M,CIDADANIA,RJ,1.387057866732814,-2.0738789233516277,0.0857322,0,0,NA,NA,NA
204434,1204434,camara,Dra. Vanda Milani,F,SOLIDARIEDADE,AC,3.303268050932811,4.80628368033344,0.0914801,0,0,NA,NA,NA
204435,1204435,camara,Jesus Sérgio,M,PDT,AC,-0.24727036869226637,-0.911149520624333,0.0836573,3,3,3,0,0
204436,1204436,camara,Isnaldo Bulhões Jr.,M,MDB,AL,4.691795529877393,4.622047117662904,0.0869115,0,0,NA,NA,NA
204437,1204437,camara,Severino Pessoa,M,REPUBLICANOS,AL,3.9457710397821657,1.3468230935411025,0.0521469,2,2,2,0,0
204438,1204438,camara,Sergio Toledo,M,PL,AL,6.105116180913022,4.429781316641657,0.110635,0,0,NA,NA,NA
204439,1204439,camara,Dr. Leonardo,M,SOLIDARIEDADE,MT,3.0057837186030376,2.639464716652917,0.0974956,0,0,NA,NA,NA
204440,1204440,camara,Christino Aureo,M,PP,RJ,4.014547421675555,7.0589803999201735,0.114568,6,6,5,0,1
204441,1204441,camara,Otoni De Paula,M,PSC,RJ,4.708563071464402,4.561498525019285,0.0683604,0,0,NA,NA,NA
204442,1204442,camara,Gurgel,M,PSL,RJ,5.062436029571293,3.6047461124672804,0.0258811,0,0,NA,NA,NA
204443,1204443,camara,Wagner Montes,M,REPUBLICANOS,RJ,NA,NA,NA,0,0,NA,NA,NA
204444,1204444,camara,Helio Lopes,M,PSL,RJ,8.09894644947327,5.036422546395233,0.0524395,6,6,4,0,2
204445,1204445,camara,Fernando Mineiro,M,PT,RN,NA,NA,NA,0,0,NA,NA,NA
204446,1204446,camara,Professor Joziel,M,PSL,RJ,5.373292427193787,5.164908015535294,0.0200612,1,1,1,0,0
204447,1204447,camara,Flordelis,F,PSD,RJ,4.781226366568845,2.651855580912832,0.0865739,0,0,NA,NA,NA
204448,1204448,camara,Luiz Antônio Corrêa,M,PL,RJ,4.424025250650418,1.0869006640865777,0.0173823,3,3,2,0,1
204449,1204449,camara,Nelson Barbudo,M,PSL,MT,7.401267218301598,3.908568112616388,0.0252249,8,8,0,7,1
204450,1204450,camara,Dr. Luiz Antonio Teixeira Jr.,M,PP,RJ,4.344301490265609,6.712880370587342,0.0608874,0,0,NA,NA,NA
204451,1204451,camara,Delegado Antônio Furtado,M,PSL,RJ,3.011566814584935,0.35041612282649837,0.0125868,0,0,NA,NA,NA
204452,1204452,camara,Márcio Labre,M,PSL,RJ,6.693956834004318,1.2129432232515924,0.0834351,0,0,NA,NA,NA
204453,1204453,camara,Natália Bonavides,F,PT,RN,-9.203849171876039,-8.324068307953764,0.0502427,2,0.04195804195804196,2,0,0
204454,1204454,camara,Daniel Silveira,M,PSL,RJ,6.613325605329493,4.748159492740998,0.0312281,0,0,NA,NA,NA
204455,1204455,camara,Luiz Lima,M,PSL,RJ,7.012801988073743,6.059173213848034,0.0224161,1,1,1,0,0
204456,1204456,camara,Gutemberg Reis,M,MDB,RJ,4.403418708391563,7.435710919107301,0.0436372,0,0,NA,NA,NA
204457,1204457,camara,Juninho Do Pneu,M,DEM,RJ,4.044277954396849,6.710401299653288,0.0347646,6,6,5,0,1
204458,1204458,camara,Major Fabiana,F,PSL,RJ,8.202032532380162,5.656024133549664,0.219098,0,0,NA,NA,NA
204459,1204459,camara,Daniela Do Waguinho,F,MDB,RJ,3.632549230285992,4.933084299436562,0.0437955,0,0,NA,NA,NA
204460,1204460,camara,Carlos Jordy,M,PSL,RJ,6.8110269356068365,6.952550314199847,0.0294014,0,0,NA,NA,NA
204461,1204461,camara,Paulo Ganime,M,NOVO,RJ,6.444161198200302,7.3078111523546845,0.0575818,2,0.24285714285714285,2,0,0
204462,1204462,camara,Chris Tonietto,F,PSL,RJ,8.481257304478788,4.675218888056012,0.0737609,0,0,NA,NA,NA
204463,1204463,camara,Wladimir Garotinho,M,PSD,RJ,2.80876223902089,3.366680407598821,0,1,1,0,0,1
204464,1204464,camara,Talíria Petrone,F,PSOL,RJ,-7.16548349840843,-6.465732194370224,0.118824,7,0.7250000000000001,6,1,0
204465,1204465,camara,Haroldo Cathedral,M,PSD,RR,4.303908783858839,3.400618398778869,0.00474864,1,0.25,0,1,0
204466,1204466,camara,Tereza Nelma,F,PSDB,AL,1.9808070128350401,-0.4468028538677853,0.088505,0,0,NA,NA,NA
204467,1204467,camara,Professora Rosa Neide,F,PT,MT,-6.036054283541652,-7.710238428951021,0.0525915,10,0.7954746018386992,9,0,1
204468,1204468,camara,Joenia Wapichana,F,REDE,RR,-2.125582761138035,-4.121369358730881,0.393445,6,4.1178160919540225,6,0,0
204469,1204469,camara,Manuel Marcos,M,REPUBLICANOS,AC,5.044170681027445,5.200289373548127,0.0347646,0,0,NA,NA,NA
204471,1204471,camara,Mara Rocha,F,PSDB,AC,2.2437831385581504,0.25277828571406147,0.0450553,5,5,3,1,1
204472,1204472,camara,José Medeiros,M,PODE,MT,5.37763155177139,4.436545447461652,0.156385,5,5,2,3,0
204473,1204473,camara,General Girão,M,PSL,RN,6.824569179395141,3.2729269294157888,0.0126268,0,0,NA,NA,NA
204474,1204474,camara,Juarez Costa,M,MDB,MT,3.956726799883741,6.2450651611956225,0.0521469,0,0,NA,NA,NA
204475,1204475,camara,Ottaci Nascimento,M,SOLIDARIEDADE,RR,3.5648915598318354,4.200260432748408,0.12836,2,0.45,0,2,0
204476,1204476,camara,Chiquinho Brazão,M,AVANTE,RJ,4.424933521301401,1.6844341873044044,0.175821,0,0,NA,NA,NA
204477,1204477,camara,Felício Laterça,M,PSL,RJ,4.6388827132496875,2.643455505996897,0,0,0,NA,NA,NA
204478,1204478,camara,Vinicius Farah,M,MDB,RJ,3.440437542214047,-0.21909809932256863,0.0761685,0,0,NA,NA,NA
204479,1204479,camara,Nicoletti,M,PSL,RR,5.42905480943633,3.549073134048541,0,4,3.25,1,2,1
204480,1204480,camara,Rogério Correia,M,PT,MG,-8.137664598537768,-7.783066752626986,0.107861,14,3.7416647622529977,13,0,1
204481,1204481,camara,Dr. Jaziel,M,PL,CE,5.602650494087889,1.133579227851511,0.0934936,0,0,NA,NA,NA
204482,1204482,camara,Euclydes Pettersen,M,PSC,MG,3.9346620119412314,3.0847750660639868,0.137242,0,0,NA,NA,NA
204483,1204483,camara,Vilson Da Fetaemg,M,PSB,MG,-2.5834386728946193,-5.055467908886896,0.047908,6,1.5537810042347246,5,1,0
204484,1204484,camara,General Peternelli,M,PSL,SP,5.712599412780612,6.539560613796198,0.0185025,0,0,NA,NA,NA
204485,1204485,camara,Luiz Carlos Motta,M,PL,SP,3.5369405048735914,4.754996279478036,0.0715508,0,0,NA,NA,NA
204486,1204486,camara,Mauro Benevides Filho,M,PDT,CE,-1.29070673617559,-1.9990083527189597,0.139058,0,0,NA,NA,NA
204487,1204487,camara,Capitão Wagner,M,PROS,CE,1.5240652094706526,0.5073776047831267,0.0831961,0,0,NA,NA,NA
204488,1204488,camara,Célio Studart,M,PV,CE,-1.1376416668423701,-3.7025323831707446,0.132213,90,80.2391396213658,74,0,16
204489,1204489,camara,Robério Monteiro,M,PDT,CE,-0.986372429028302,-1.636120296184517,0.0521469,1,1,0,0,1
204490,1204490,camara,Charlles Evangelista,M,PSL,MG,5.207726074846802,3.457299498390345,0.0287151,0,0,NA,NA,NA
204491,1204491,camara,Gilberto Abramo,M,REPUBLICANOS,MG,4.541649100047543,4.883978874676922,0.0695292,7,2.438034188034188,7,0,0
204492,1204492,camara,Paulo Guedes,M,PT,MG,-7.327821583702873,-7.68860540683566,0.10462,2,0.04195804195804196,2,0,0
204494,1204494,camara,Fred Costa,M,PATRIOTA,MG,3.407626781209366,-1.6084282254769455,0.523846,29,28.333333333333332,15,0,14
204495,1204495,camara,Airton Faleiro,M,PT,PA,-5.36004615143955,-7.798706970793458,0.0812222,9,2.9779183235065587,8,0,1
204496,1204496,camara,Celso Sabino,M,PSDB,PA,3.965328373295753,-0.3707918966607373,0.0324021,5,5,5,0,0
204497,1204497,camara,Júnior Ferrari,M,PSD,PA,4.4086633891802745,8.129241129715115,0.0993833,2,2,0,1,1
204498,1204498,camara,Olival Marques,M,DEM,PA,3.909561559918462,4.536824995100648,0.0520062,0,0,NA,NA,NA
204499,1204499,camara,Cássio Andrade,M,PSB,PA,-0.3513045064537632,-1.6652600251838532,0.13684,4,4,4,0,0
204500,1204500,camara,Eduardo Costa,M,PTB,PA,3.7119117197011757,-0.906787105881735,0.101871,3,3,3,0,0
204501,1204501,camara,Alencar Santana Braga,M,PT,SP,-7.990575774197204,-5.78579061889435,0.11387,7,0.7655705977967642,6,0,1
204502,1204502,camara,Bozzella,M,PSL,SP,4.220913421858432,6.764601776468105,0.0173823,2,2,2,0,0
204503,1204503,camara,Alexandre Padilha,M,PT,SP,-7.175689343733485,-9.071795978160024,0.0759877,7,1.231124896439298,7,0,0
204504,1204504,camara,Cezinha De Madureira,M,PSD,SP,5.56723873883662,2.9979819650735138,0.0948413,0,0,NA,NA,NA
204505,1204505,camara,Vavá Martins,M,REPUBLICANOS,PA,3.6390337675102824,-1.44850159386292,0,5,4.333333333333333,4,0,1
204506,1204506,camara,Marcos Pereira,M,REPUBLICANOS,SP,4.74681563243025,4.884025517934171,0.119193,0,0,NA,NA,NA
204507,1204507,camara,Carla Zambelli,F,PSL,SP,6.883352037421414,3.5807730309864603,0.0350288,1,1,1,0,0
204508,1204508,camara,Igor Timo,M,PODE,MG,2.9170304425732,0.5622812910384312,0,6,1.438034188034188,5,0,1
204509,1204509,camara,Áurea Carolina,F,PSOL,MG,-8.644086273652816,-4.15887260849675,0.067985,12,1.1630341880341881,11,1,0
204510,1204510,camara,Franco Cartafina,M,PP,MG,3.6565071665593187,4.184444065691331,0.0347646,1,1,1,0,0
204511,1204511,camara,David Soares,M,DEM,SP,3.4590640949478484,0.7029735036477813,0.0832086,4,4,4,0,0
204512,1204512,camara,Delegado Marcelo Freitas,M,PSL,MG,4.738378327613098,6.485113720597553,0.00809628,2,2,2,0,0
204513,1204513,camara,Guiga Peixoto,M,PSL,SP,6.4864114918784885,5.4650038166782196,0,0,0,NA,NA,NA
204514,1204514,camara,Coronel Tadeu,M,PSL,SP,5.749481755625251,7.595584001854679,0.0173823,2,2,1,1,0
204515,1204515,camara,André Janones,M,AVANTE,MG,0.0967041403436113,-1.7540002592268475,0.0664701,4,0.35470085470085466,4,0,0
204516,1204516,camara,Alexis Fonteyne,M,NOVO,SP,6.139760885688734,7.091622457101362,0.0185754,2,0.24285714285714285,2,0,0
204517,1204517,camara,Zé Vitor,M,PL,MG,4.165845737599126,4.93235710174773,0,12,11.11111111111111,10,2,0
204518,1204518,camara,Dr. Frederico,M,PATRIOTA,MG,4.554312115174049,3.3882271152884424,0,5,0.43803418803418803,5,0,0
204519,1204519,camara,Tiago Mitraud,M,NOVO,MG,6.506710998772405,5.715344269069831,0.0495597,1,0.14285714285714285,1,0,0
204520,1204520,camara,Junio Amaral,M,PSL,MG,6.967657590466128,5.573567784657687,0.0156578,2,2,2,0,0
204521,1204521,camara,Abou Anni,M,PSL,SP,4.502292738134395,7.289786876866444,0.0672317,0,0,NA,NA,NA
204522,1204522,camara,Marco Bertaiolli,M,PSD,SP,3.8884444390762862,-0.015088712944969274,0.134954,0,0,NA,NA,NA
204523,1204523,camara,Lucas Gonzalez,M,NOVO,MG,6.231598643720137,6.292190013448483,0.05882,2,0.22619047619047616,2,0,0
204524,1204524,camara,Pinheirinho,M,PP,MG,6.444562649206496,5.57163436924251,0.0840034,2,2,0,2,0
204525,1204525,camara,Rosana Valle,F,PSB,SP,0.6542859019208791,-1.8014788958406474,0.0714372,2,1.1,2,0,0
204526,1204526,camara,Luiz Philippe De Orleans e Bragança,M,PSL,SP,7.667188885990125,4.49200894611808,0.0834351,0,0,NA,NA,NA
204527,1204527,camara,Geninho Zuliani,M,DEM,SP,3.9870527406165763,4.286885753323171,0.136053,4,3.5,3,0,1
204528,1204528,camara,Adriana Ventura,F,NOVO,SP,6.182809530707537,7.5664076996181215,0.0185754,2,0.24285714285714285,2,0,0
204529,1204529,camara,Policial Katia Sastre,F,PL,SP,5.7924967024105705,4.4995901703008006,0.0574288,0,0,NA,NA,NA
204530,1204530,camara,Rodrigo Agostinho,M,PSB,SP,-1.104189577398282,-3.72831522733207,0.371306,19,11.052882311424268,18,0,1
204531,1204531,camara,Guilherme Derrite,M,PP,SP,6.262764145220331,5.356874345224007,0.0747372,0,0,NA,NA,NA
204532,1204532,camara,Vinicius Poit,M,NOVO,SP,6.141965962342155,6.846242522064827,0,3,1.2428571428571429,2,1,0
204533,1204533,camara,Idilvan Alencar,M,PDT,CE,-2.20494146323123,-2.4803850923335924,0,0,0,NA,NA,NA
204534,1204534,camara,Tabata Amaral,F,PDT,SP,0.06850987709581524,-3.588965008784431,0.0445929,3,2.1,3,0,0
204535,1204535,camara,Sâmia Bomfim,F,PSOL,SP,-6.3212895857399,-2.916567104770067,0.0888473,8,0.7455938697318008,7,1,0
204536,1204536,camara,Kim Kataguiri,M,DEM,SP,5.325338726657449,4.243276529387021,0,3,1.4333333333333333,3,0,0
204537,1204537,camara,Enrico Misasi,M,PV,SP,1.6412377369621503,-1.9015655327252734,0.045797,3,0.6944444444444444,3,0,0
204538,1204538,camara,Paulo Bengtson,M,PTB,PA,3.9569476001585002,5.95212766317456,0.106534,5,5,4,1,0
204539,1204539,camara,Hercílio Coelho Diniz,M,MDB,MG,3.778976984215136,3.879461956912575,0.00151721,6,1.438034188034188,6,0,0
204540,1204540,camara,Maria Rosas,F,REPUBLICANOS,SP,4.4847208637206535,4.499606023361114,0.0278117,0,0,NA,NA,NA
204541,1204541,camara,Eduardo Bismarck,M,PDT,CE,-0.14837437985473834,-1.9401537944668643,0,4,4,3,1,0
204542,1204542,camara,Denis Bezerra,M,PSB,CE,-2.5327567680271166,-5.105662717563037,0.122361,4,1.2026315789473685,4,0,0
204543,1204543,camara,Luiz Flávio Gomes,M,PSB,SP,-1.0202773031013663,-3.8832016532940594,0,1,0.5,1,0,0
204544,1204544,camara,Alexandre Frota,M,PSDB,SP,1.350618805177767,-0.2799115588489638,0,23,23,21,0,2
204545,1204545,camara,Alê Silva,F,PSL,MG,6.706612166731137,6.822273858418011,0,1,1,0,0,1
204546,1204546,camara,Joice Hasselmann,F,PSL,SP,4.086097324624527,7.190271495965781,0.0774017,0,0,NA,NA,NA
204547,1204547,camara,Léo Motta,M,PSL,MG,5.066339222876362,1.749232127356029,0.320296,4,0.35470085470085466,4,0,0
204548,1204548,camara,Heitor Freire,M,PSL,CE,5.009085351473331,2.519122580309837,0.0439374,1,1,0,1,0
204549,1204549,camara,Aj Albuquerque,M,PP,CE,5.99447622696767,4.007644341273409,0.144673,0,0,NA,NA,NA
204550,1204550,camara,Júnior Mano,M,PL,CE,5.597319682361038,5.183513628850934,0,0,0,NA,NA,NA
204551,1204551,camara,Bosco Saraiva,M,SOLIDARIEDADE,AM,3.8290914915937684,1.9722990518795669,0.381242,1,0.1111111111111111,1,0,0
204552,1204552,camara,Eduardo Braide,M,PODE,MA,-0.05983300489255683,-3.8825834893775415,0.312882,0,0,NA,NA,NA
204553,1204553,camara,Pastor Sargento Isidório,M,AVANTE,BA,-0.05299817897012815,-2.5611028574697876,0.160362,1,1,1,0,0
204554,1204554,camara,Abílio Santana,M,PL,BA,5.196967639177403,1.7991421823774072,0,0,0,NA,NA,NA
204555,1204555,camara,José Ricardo,M,PT,AM,-5.721957838073906,-8.073018748871835,0.102001,5,1.603713527851459,4,0,1
204556,1204556,camara,Marcelo Ramos,M,PL,AM,5.995132963168368,5.278630981014771,0.0885212,0,0,NA,NA,NA
204557,1204557,camara,Sidney Leite,M,PSD,AM,3.4781230591509313,4.309662308707768,0.140453,1,0.1111111111111111,1,0,0
204558,1204558,camara,Marcelo Nilo,M,PSB,BA,-2.59500392049684,-5.126990629922366,0.127976,2,0.10263157894736842,2,0,0
204559,1204559,camara,Zé Neto,M,PT,BA,-4.056365290876801,-7.850310881620362,0.123647,1,0.019230769230769232,1,0,0
204560,1204560,camara,Adolfo Viana,M,PSDB,BA,3.935508257428868,4.774360576715711,0.0968779,0,0,NA,NA,NA
204561,1204561,camara,Bira Do Pindaré,M,PSB,MA,-3.238488640226164,-3.98634502900903,0.0937114,8,2.4315587820125026,8,0,0
204562,1204562,camara,Edilázio Júnior,M,PSD,MA,5.4050544945300345,0.6773369818567421,0.0851573,0,0,NA,NA,NA
204563,1204563,camara,Josimar Maranhãozinho,M,PL,MA,5.704010222452764,3.5265201712751555,0.111444,1,1,1,0,0
204564,1204564,camara,Igor Kannário,M,DEM,BA,2.5557190587599106,1.881495070502746,0.295499,2,2,1,1,0
204565,1204565,camara,Professora Dayane Pimentel,F,PSL,BA,4.625619595428512,7.89025200517646,0.144124,0,0,NA,NA,NA
204566,1204566,camara,Marreca Filho,M,PATRIOTA,MA,3.736399708191179,1.0394048195821277,0,5,5,4,0,1
204567,1204567,camara,Raimundo Costa,M,PL,BA,5.071814508612096,5.576894529384544,0.0521469,1,1,1,0,0
204569,1204569,camara,Delegado Pablo,M,PSL,AM,4.7567536603676785,3.62029149919341,0.0143035,0,0,NA,NA,NA
204570,1204570,camara,Pastor Gil,M,PL,MA,5.045944301651616,5.297122901650567,0,2,2,2,0,0
204571,1204571,camara,Alex Santana,M,PDT,BA,1.4002722621692758,-1.178082126473317,0,0,0,NA,NA,NA
204572,1204572,camara,Capitão Alberto Neto,M,REPUBLICANOS,AM,5.095642755325818,3.586598034731697,0,8,8,7,1,0
204573,1204573,camara,Otto Alencar Filho,M,PSD,BA,2.051169939026087,3.432274808286781,0.0613553,1,1,1,0,0
204574,1204574,camara,Junior Lourenço,M,PL,MA,5.822294860559467,6.304724812703512,0.088667,0,0,NA,NA,NA
204575,1204575,camara,Gil Cutrim,M,PDT,MA,2.8373130492695218,0.2656077329816,0.0606319,1,1,1,0,0
204576,1204576,camara,João Roma,M,REPUBLICANOS,BA,4.703963062599442,1.4636287448607472,0,0,0,NA,NA,NA
205476,1205476,camara,Charles Fernandes,M,PSD,BA,2.4930543138250485,-0.5503382062159687,0.0934391,1,1,0,1,0
205535,1205535,camara,Patricia Ferraz,F,PODE,AP,3.094940339192661,-0.1423335078401209,0.170882,0,0,NA,NA,NA
205548,1205548,camara,David Miranda,M,PSOL,RJ,-6.671582489892106,-8.973861970924675,0.0785702,9,0.8324346405228759,8,1,0
205550,1205550,camara,Jorge Braz,M,REPUBLICANOS,RJ,4.381196614079787,0.7608233035869247,0.0799586,0,0,NA,NA,NA
205863,1205863,camara,Marcelo Brum,M,PSL,RS,6.156049824320792,4.0973823083891485,0,4,4,0,4,0
205865,1205865,camara,Reinhold Stephanes Junior,M,PSD,PR,5.014342540379523,0.9892153960937407,0.147724,2,2,1,0,1
206231,1206231,camara,Ted Conti,M,PSB,ES,-1.0046149940670794,-3.6220418997416175,0.0157162,3,0.13711433756805808,3,0,0
207176,1207176,camara,Bia Cavassa,F,PSDB,MS,2.851077581897755,1.276999619296289,0.166244,2,2,2,0,0
207309,1207309,camara,Enéias Reis,M,PSL,MG,5.12127251294239,3.9246797040402885,0.0456446,0,0,NA,NA,NA
209189,1209189,camara,Joseildo Ramos,M,PT,BA,-6.739051957146476,-7.997158836043601,0.106264,2,0.04195804195804196,2,0,0
211649,1211649,camara,Ricardo Pericar,M,PSL,RJ,7.669294459863,NA,NA,0,0,NA,NA,NA
211866,1211866,camara,Fabiano Tolentino,M,CIDADANIA,MG,2.5265567870357906,3.048000779736366,0.229075,0,0,NA,NA,NA
212504,1212504,camara,Fernando Borja,M,AVANTE,MG,2.305129160839437,3.8740105507818576,0.183682,0,0,NA,NA,NA
212625,1212625,camara,Dr. Gonçalo,M,REPUBLICANOS,MA,7.6903729678324275,3.970409037141355,0.139058,0,0,NA,NA,NA
212749,1212749,camara,Marcão Gomes,M,PL,RJ,6.1108415230528905,3.4295975248436825,0.215278,0,0,NA,NA,NA
213274,1213274,camara,Ricardo Silva,M,PSB,SP,0.5119101343402317,-4.521002920641295,NA,1,1,1,0,0
213679,1213679,camara,Dr. João,M,PROS,BA,4.096104079479835,-0.1802100145090364,NA,0,0,NA,NA,NA
213762,1213762,camara,Carla Dickson,F,PROS,RN,2.9133228736645034,7.267876619498669,NA,0,0,NA,NA,NA
213854,1213854,camara,Dr. Agripino Magalhães,M,PROS,CE,2.1251155406888618,-1.9872582570600859,NA,0,0,NA,NA,NA
213856,1213856,camara,Deuzinho Filho,M,REPUBLICANOS,CE,3.2175005525346485,NA,NA,1,1,1,0,0
214445,1214445,camara,Nilson F. Stainsack,M,PP,SC,7.383393286175156,4.56575865013459,NA,1,1,0,1,0
214477,1214477,camara,Renato Queiroz,M,MDB,RR,3.411470209426346,2.091356951730008,NA,0,0,NA,NA,NA
214694,1214694,camara,Jorge Goetten,M,PL,SC,7.523485370487062,2.3502406664972746,NA,0,0,NA,NA,NA
215042,1215042,camara,Ricardo Da Karol,M,PSC,RJ,NA,NA,NA,0,0,NA,NA,NA
215043,1215043,camara,Josivaldo Jp,M,PODE,MA,NA,NA,NA,0,0,NA,NA,NA
215044,1215044,camara,Vivi Reis,F,PSOL,PA,NA,NA,NA,0,0,NA,NA,NA
215045,1215045,camara,Pedro Augusto Palareti,M,PSD,RJ,NA,NA,NA,0,0,NA,NA,NA
215361,1215361,camara,Rachel Marques,F,PT,CE,NA,NA,NA,0,0,NA,NA,NA
22,222,senado,Esperidião Amin,M,PP,SC,1.7112615869312915,-0.43334902533991126,0.395503,3,0.10500938726745178,3,0,0
2331,22331,senado,Rose de Freitas,F,MDB,ES,1.6619751361711543,0.3296245074319941,NA,6,5.035714285714286,6,0,0
285,2285,senado,Marcio Bittar,M,MDB,AC,8.02856571214874,7.319343414254362,0.113346,5,3.533333333333333,1,4,0
336,2336,senado,Paulo Gouvêa,M,DEM,SC,NA,NA,NA,0,0,NA,NA,NA
3361,23361,senado,José Maranhão,M,MDB,PB,3.84042420236338,-0.05940626075387456,0.0869115,0,0,NA,NA,NA
3396,23396,senado,Tasso Jereissati,M,PSDB,CE,3.3534693085582603,1.4865684503272902,0.0521469,4,1.1013227513227513,3,0,1
345,2345,senado,Flávio Arns,M,PODEMOS,PR,-1.7142642059445805,-0.6066691795058361,0.107729,5,0.17169312169312168,4,0,1
35,235,senado,Jader Barbalho,M,MDB,PA,2.998704595364593,4.09878919389765,0.100657,4,3.032258064516129,3,0,1
3651,23651,senado,Alfredo Cotait Neto,M,DEM,SP,NA,NA,NA,0,0,NA,NA,NA
3713,23713,senado,Fátima Bezerra,F,PT,RN,NA,NA,NA,0,0,NA,NA,NA
374,2374,senado,Paulo Rocha,M,PT,PA,-10,-8.017689691528535,0.365028,6,0.5275132275132275,6,0,0
375,2375,senado,Valdir Ganzer,M,PT,PA,NA,NA,NA,0,0,NA,NA,NA
3777,23777,senado,Eduardo Gomes,M,MDB,TO,6.929703261781157,7.561679945501503,0.496637,3,1.0642857142857143,3,0,0
3806,23806,senado,Zequinha Marinho,M,PSC,PA,7.814913086701051,10,0.366733,4,3.032258064516129,1,2,1
3830,23830,senado,Davi Alcolumbre,M,DEM,AP,1.8754384004666758,1.925229207001962,0.921262,0,0,NA,NA,NA
415,2415,senado,Lael Varella,M,DEM,MG,NA,NA,NA,0,0,NA,NA,NA
4525,24525,senado,Fernando Collor,M,PROS,AL,-1.4668198538154051,5.176951410270911,0.0521469,2,0.07275132275132275,2,0,0
453,2453,senado,Pedro Chaves,M,MDB,GO,NA,NA,NA,0,0,NA,NA,NA
4531,24531,senado,Jayme Campos,M,DEM,MT,5.623642548660271,0.3887576155157806,0.0714857,5,2.1026284348864994,5,0,0
4545,24545,senado,Jarbas Vasconcelos,M,MDB,PE,1.9312027150726223,-0.3459730367299354,0.115619,0,0,NA,NA,NA
4558,24558,senado,Gladson Cameli,M,PP,AC,NA,NA,NA,0,0,NA,NA,NA
456,2456,senado,Ronaldo Caiado,M,DEM,GO,NA,NA,NA,0,0,NA,NA,NA
4560,24560,senado,Sérgio Petecão,M,PSD,AC,5.305099549394258,-7.578650193875107,0.457165,1,1,0,0,1
4606,24606,senado,Pinto Itamaraty,M,PSDB,MA,NA,NA,NA,0,0,NA,NA,NA
4610,24610,senado,Alexandre Silveira,M,PSD,MG,NA,NA,NA,0,0,NA,NA,NA
470,2470,senado,Chico Rodrigues,M,DEM,RR,7.51192093704238,7.709900806437851,0.0943838,4,2.069295101553166,4,0,0
475,2475,senado,Confúcio Moura,M,MDB,RO,5.221354680595756,0.049950893374418825,0.128613,9,4.1669141491722135,9,0,0
4770,24770,senado,Izalci Lucas,M,PSDB,DF,7.38816827369692,7.520341672222113,0.363945,5,2.1084656084656084,4,0,1
4786,24786,senado,Virginio de Carvalho,M,PSC,SE,NA,NA,NA,0,0,NA,NA,NA
4885,24885,senado,Jorge Yanai,M,DEM,MT,NA,NA,NA,0,0,NA,NA,NA
4979,24979,senado,Bene Camacho,M,PTB,MA,NA,NA,NA,0,0,NA,NA,NA
4981,24981,senado,Acir Gurgacz,M,PDT,RO,0.2595983967703468,3.6476647539586455,0.0695292,1,0.03333333333333333,1,0,0
4994,24994,senado,Eduardo Braga,M,MDB,AM,3.597649961401279,0.39719585253627443,0.668399,3,1.0714285714285714,3,0,0
5008,25008,senado,Humberto Costa,M,PT,PE,-7.9292455982710495,-7.640772394817315,0.395398,6,0.5917989417989418,5,0,1
5012,25012,senado,Randolfe Rodrigues,M,REDE,AP,-7.196862307916421,-8.01693969907416,0.723893,12,6.206332138590203,11,0,1
5038,25038,senado,Sandra Braga,F,MDB,AM,NA,NA,NA,0,0,NA,NA,NA
5056,25056,senado,Silvia Nascimento Cardoso dos Santos Cerqueira,M,REPUBLICANOS,BA,NA,NA,NA,0,0,NA,NA,NA
5236,25236,senado,Reguffe,M,PODEMOS,DF,-3.9071261846314673,-0.6864634615142027,0.0347646,6,0.21109404335210785,5,0,1
5257,25257,senado,Renzo Braz,M,PP,MG,NA,NA,NA,0,0,NA,NA,NA
5281,25281,senado,Nilda Gondim,F,MDB,PB,NA,NA,NA,0,0,NA,NA,NA
5322,25322,senado,Romário,M,PODEMOS,RJ,2.3445338232507336,-0.5144766609342071,0.312882,1,0.037037037037037035,1,0,0
5350,25350,senado,Jorginho Mello,M,PL,SC,5.07335843388894,7.459052470140094,0.399575,2,1.0285714285714285,2,0,0
5352,25352,senado,Rogério Carvalho,M,PT,SE,-9.175892802141895,-10,0.0770198,7,2.494179894179894,7,0,0
5376,25376,senado,Mara Gabrilli,F,PSDB,SP,1.2012439732659619,-2.9440876224322565,0.0964358,3,0.5727513227513228,2,0,1
5385,25385,senado,Irajá,M,PSD,TO,1.2480535342245336,4.6448272049295465,0.0611041,3,2.0285714285714285,1,2,0
5411,25411,senado,Weverton,M,PDT,MA,-3.3497685929942023,-6.1797511391270445,0.365876,5,1.206084656084656,2,0,3
5422,25422,senado,Marcos Rogério,M,DEM,RO,6.529073040067857,7.68821148829257,0.362385,3,2.032258064516129,1,1,1
5502,25502,senado,Plínio Valério,M,PSDB,AM,3.8690384448226602,-0.16898113150577387,0.104196,9,2.2431216931216933,8,0,1
5523,25523,senado,Otto Alencar,M,PSD,BA,-0.19952998112038856,-0.0877729053317946,0.278117,7,0.3039511862092507,5,0,2
5525,25525,senado,Omar Aziz,M,PSD,AM,2.9780815247860914,-0.4763773429360789,0.312882,2,0.06797235023041474,2,0,0
5527,25527,senado,Simone Tebet,F,MDB,MS,4.933015625242378,0.18690996071239319,0.330264,3,0.10500938726745178,2,0,1
5529,25529,senado,Antonio Anastasia,M,PSD,MG,6.1643116758018905,0.23674188236171645,0.153958,4,0.13225806451612904,4,0,0
5531,25531,senado,Elmano Férrer,M,PP,PI,6.1180166117632275,7.033293282263553,0.0173823,5,0.22987711213517664,4,0,1
5533,25533,senado,Lasier Martins,M,PODEMOS,RS,1.0692923782052528,6.595063528612567,0.119193,8,3.1703703703703705,6,0,2
5535,25535,senado,Telmário Mota,M,PROS,RR,4.677022940703409,8.6653810059608,0.330264,6,4.069047619047619,4,2,0
5537,25537,senado,Dário Berger,M,MDB,SC,1.8900759794455109,6.534569518797401,0.330264,1,0.03225806451612903,1,0,0
5540,25540,senado,Fernando Bezerra Coelho,M,MDB,PE,8.253165275239809,7.649986598916577,0.312882,2,0.06797235023041474,2,0,0
5554,25554,senado,Bebeto,M,PSB,BA,NA,NA,NA,0,0,NA,NA,NA
5557,25557,senado,Mailza Gomes,F,PP,AC,4.602925630538035,6.65823670504782,0.139058,3,0.09786653012459463,3,0,0
5559,25559,senado,Bispo José,M,PSC,AC,NA,NA,NA,0,0,NA,NA,NA
5561,25561,senado,Renilde Bulhões,F,PROS,AL,2.3196814697378265,-3.193617974526944,NA,0,0,NA,NA,NA
5563,25563,senado,Severino Leão,M,PTB,AL,NA,NA,NA,0,0,NA,NA,NA
5565,25565,senado,Dr. Helder Cavalcante,M,PL,AM,NA,NA,NA,0,0,NA,NA,NA
5567,25567,senado,Luis Mitoso,M,PSD,AM,NA,NA,NA,0,0,NA,NA,NA
5569,25569,senado,Josiel,M,DEM,AP,NA,NA,NA,0,0,NA,NA,NA
5571,25571,senado,Marquinho,M,DEM,AP,NA,NA,NA,0,0,NA,NA,NA
5573,25573,senado,Abel Rebouças,M,PDT,BA,NA,NA,NA,0,0,NA,NA,NA
5575,25575,senado,Marizete,F,PT,BA,NA,NA,NA,0,0,NA,NA,NA
5577,25577,senado,Fernando Façanha,M,PSDB,CE,NA,NA,NA,0,0,NA,NA,NA
5579,25579,senado,José Carlos Vasconcellos,M,PDT,DF,NA,NA,NA,0,0,NA,NA,NA
5581,25581,senado,Fadi Faraj,M,SOLIDARIEDADE,DF,NA,NA,NA,0,0,NA,NA,NA
5583,25583,senado,Schariff Moyses,M,PSDB,ES,NA,NA,NA,0,0,NA,NA,NA
5585,25585,senado,Luiz do Carmo,M,MDB,GO,8.030788587697117,7.713511225511475,0.0173823,0,0,NA,NA,NA
5587,25587,senado,Eladio Carneiro,M,MDB,GO,NA,NA,NA,0,0,NA,NA,NA
5589,25589,senado,Paulo Matos,M,CIDADANIA,MA,NA,NA,NA,0,0,NA,NA,NA
5591,25591,senado,Manoel Motta,M,PCB,MT,NA,NA,NA,0,0,NA,NA,NA
5593,25593,senado,Celso Dal Lago Rodrigues,M,MDB,MS,NA,NA,NA,0,0,NA,NA,NA
5595,25595,senado,Moacir Kohl,M,PSB,MS,NA,NA,NA,0,0,NA,NA,NA
5599,25599,senado,Pastor Ibanes Taveira,M,PDT,PA,NA,NA,NA,0,0,NA,NA,NA
5601,25601,senado,Roosevelt Vita,M,MDB,PB,NA,NA,NA,0,0,NA,NA,NA
5603,25603,senado,Carlos Augusto Costa,M,PV,PE,NA,NA,NA,0,0,NA,NA,NA
5605,25605,senado,Eliane Rodrigues,F,PSB,PE,NA,NA,NA,0,0,NA,NA,NA
5607,25607,senado,Alzenir Porto,F,PTB,PI,NA,NA,NA,0,0,NA,NA,NA
5609,25609,senado,Joel Malucelli,M,PSD,PR,NA,NA,NA,0,0,NA,NA,NA
5611,25611,senado,Severino Araujo,M,PSB,PR,NA,NA,NA,0,0,NA,NA,NA
5613,25613,senado,João Batista Lemos,M,PCB,RJ,NA,NA,NA,0,0,NA,NA,NA
5615,25615,senado,Gilberto Piselo,M,PDT,RO,NA,NA,NA,0,0,NA,NA,NA
5617,25617,senado,Pastor Valadares,M,PDT,RO,NA,NA,NA,0,0,NA,NA,NA
5619,25619,senado,Thieres Pinto,M,PTB,RR,NA,NA,NA,0,0,NA,NA,NA
5621,25621,senado,Rudson Leite,M,PV,RR,NA,NA,NA,0,0,NA,NA,NA
5623,25623,senado,Christopher Goulart,M,PDT,RS,NA,NA,NA,0,0,NA,NA,NA
5625,25625,senado,Adilson Silva dos Santos,M,PEN,RS,NA,NA,NA,0,0,NA,NA,NA
5627,25627,senado,Jean Paul Prates,M,PT,RN,-8.270386295806299,-8.828955976071256,0.139058,5,0.34179894179894177,4,0,1
5629,25629,senado,Theodorico Netto,M,PT,RN,NA,NA,NA,0,0,NA,NA,NA
5631,25631,senado,Ayres Marchetti,M,PSD,SC,NA,NA,NA,0,0,NA,NA,NA
5633,25633,senado,Atilio Francisco,M,REPUBLICANOS,SP,NA,NA,NA,0,0,NA,NA,NA
5635,25635,senado,Ricardo Franco,M,DEM,SE,NA,NA,NA,0,0,NA,NA,NA
5637,25637,senado,Donizeti Nogueira,M,PT,TO,NA,NA,NA,0,0,NA,NA,NA
5639,25639,senado,Guaracy Silveira,M,PSL,TO,NA,NA,NA,0,0,NA,NA,NA
5666,25666,senado,Major Olimpio,M,PSL,SP,2.735762845263338,8.608051902256836,0.361702,5,2.106084656084656,4,0,1
5718,25718,senado,Eliziane Gama,F,CIDADANIA,MA,-1.3234702132457201,-7.002334561205195,0.380735,11,5.270370370370371,9,0,2
5732,25732,senado,Rodrigo Pacheco,M,DEM,MG,5.435169291864824,-0.2600701160263146,0.337366,2,0.06797235023041474,2,0,0
5740,25740,senado,Fabio Garcia,M,DEM,MT,NA,NA,NA,0,0,NA,NA,NA
5748,25748,senado,Veneziano Vital do Rêgo,M,MDB,PB,-2.515317292581236,-6.917032602281734,0.375057,16,11.169295101553166,14,0,2
5783,25783,senado,Zenaide Maia,F,PROS,RN,-5.404990835837358,-7.897091329840391,0.0173823,10,1.485978835978836,8,0,2
581,2581,senado,Jaques Wagner,M,PT,BA,-8.424735814848406,-8.38164187830956,0.100209,12,4.6002645502645505,11,0,1
5837,25837,senado,Davidson Magalhães,M,PCdoB,BA,NA,NA,NA,0,0,NA,NA,NA
5849,25849,senado,José Amauri,M,PODEMOS,PI,NA,NA,NA,0,0,NA,NA,NA
5892,25892,senado,Roberth Bringel,M,DEM,MA,NA,NA,NA,0,0,NA,NA,NA
5893,25893,senado,Suely Pereira,M,NA,MA,NA,NA,NA,0,0,NA,NA,NA
5894,25894,senado,Flávio Bolsonaro,M,REPUBLICANOS,RJ,9.949300059789131,8.692926509593327,0.427108,1,0.5,0,1,0
5895,25895,senado,Jorge Kajuru,M,CIDADANIA,GO,-2.614348811849715,-0.2463283174439983,0.312882,14,9.169295101553166,11,0,3
5896,25896,senado,Benjamin Beze Junior,M,NA,GO,NA,NA,NA,0,0,NA,NA,NA
5897,25897,senado,Milton Mercêz,M,NA,GO,NA,NA,NA,0,0,NA,NA,NA
5898,25898,senado,Eliane Nogueira,F,NA,PI,NA,NA,NA,0,0,NA,NA,NA
5899,25899,senado,Vanderlan Cardoso,M,PSD,GO,5.088446496104124,7.5317823197670535,0.375214,2,1.0357142857142858,2,0,0
5900,25900,senado,Gil Paraibano,M,NA,PI,NA,NA,NA,0,0,NA,NA,NA
5901,25901,senado,Paulo Marinho,M,NA,RJ,NA,NA,NA,0,0,NA,NA,NA
5902,25902,senado,Eduardo Velloso,M,NA,AC,NA,NA,NA,0,0,NA,NA,NA
5903,25903,senado,Leonardo Rodrigues,M,NA,RJ,NA,NA,NA,0,0,NA,NA,NA
5904,25904,senado,Macapá,M,NA,AC,NA,NA,NA,0,0,NA,NA,NA
5905,25905,senado,Rodrigo Cunha,M,PSDB,AL,1.618465631811583,-0.016121527748559572,0.596187,4,0.14417989417989419,3,0,1
5906,25906,senado,Eudócia Caldas,F,NA,AL,NA,NA,NA,0,0,NA,NA,NA
5907,25907,senado,Henrique Arruda,M,NA,AL,NA,NA,NA,0,0,NA,NA,NA
5908,25908,senado,Maria das Vitórias,F,NA,AC,NA,NA,NA,0,0,NA,NA,NA
5909,25909,senado,Maria Alice,F,NA,AC,NA,NA,NA,0,0,NA,NA,NA
5910,25910,senado,José Hamilton,M,NA,PI,NA,NA,NA,0,0,NA,NA,NA
5911,25911,senado,Rosário Bezerra,F,NA,PI,NA,NA,NA,0,0,NA,NA,NA
5912,25912,senado,Jader Melo,M,NA,GO,NA,NA,NA,0,0,NA,NA,NA
5913,25913,senado,Rafael Tenorio,M,NA,AL,NA,NA,NA,0,0,NA,NA,NA
5914,25914,senado,Waldemar Oliveira,M,NA,PE,NA,NA,NA,0,0,NA,NA,NA
5915,25915,senado,Marcia do Angico,F,NA,PE,NA,NA,NA,0,0,NA,NA,NA
5916,25916,senado,Silvania Barbosa,F,NA,AL,NA,NA,NA,0,0,NA,NA,NA
5917,25917,senado,Fernando Dueire,M,NA,PE,NA,NA,NA,0,0,NA,NA,NA
5918,25918,senado,Adilson Gomes,M,NA,PE,NA,NA,NA,0,0,NA,NA,NA
5919,25919,senado,Vilson Basso,M,NA,PR,NA,NA,NA,0,0,NA,NA,NA
5920,25920,senado,Flavio Vicente,M,NA,PR,NA,NA,NA,0,0,NA,NA,NA
5921,25921,senado,Paulo Salamuni,M,NA,PR,NA,NA,NA,0,0,NA,NA,NA
5922,25922,senado,Plinio Destro,M,NA,PR,NA,NA,NA,0,0,NA,NA,NA
5923,25923,senado,Alberto David,M,NA,AP,NA,NA,NA,0,0,NA,NA,NA
5924,25924,senado,Oriovisto Guimarães,M,PODEMOS,PR,2.842569961172769,-0.41162046336228286,0,1,0.02857142857142857,1,0,0
5925,25925,senado,Pastor Gaia,M,NA,AP,NA,NA,NA,0,0,NA,NA,NA
5926,25926,senado,Lucas Barreto,M,PSD,AP,1.3755885033289843,7.219864933619849,NA,2,0.06797235023041474,2,0,0
5927,25927,senado,Paulo Albuquerque,M,PSD,AP,2.2704900873649727,2.3293075467801927,0.139058,0,0,NA,NA,NA
5928,25928,senado,Patricia Costa,F,NA,AP,NA,NA,NA,0,0,NA,NA,NA
5929,25929,senado,Juíza Selma,F,PODEMOS,MT,8.472160064631279,7.478164767328856,0,4,0.13703703703703704,3,0,1
5931,25931,senado,Jacira Souza,F,NA,AM,NA,NA,NA,0,0,NA,NA,NA
5932,25932,senado,Beto Possamai,M,NA,MT,NA,NA,NA,0,0,NA,NA,NA
5933,25933,senado,Clerie Fabiana,M,NA,MT,NA,NA,NA,0,0,NA,NA,NA
5934,25934,senado,Renata Guerra,F,NA,RJ,NA,NA,NA,0,0,NA,NA,NA
5935,25935,senado,Miguel Biango,M,NA,AM,NA,NA,NA,0,0,NA,NA,NA
5936,25936,senado,Carlos Portinho,M,PL,RJ,-1.4627491400585626,3.8052681204949206,NA,0,0,NA,NA,NA
5942,25942,senado,Marcos do Val,M,PODEMOS,ES,3.9127923249083345,7.4975885405506055,0,5,0.17405700631507082,4,0,1
5944,25944,senado,Rosana Foerst,F,NA,ES,NA,NA,NA,0,0,NA,NA,NA
5945,25945,senado,Ronaldo Libardi,M,NA,ES,NA,NA,NA,0,0,NA,NA,NA
5950,25950,senado,Ana Paula Tongo,F,NA,ES,NA,NA,NA,0,0,NA,NA,NA
5952,25952,senado,Bento,M,NA,ES,NA,NA,NA,0,0,NA,NA,NA
5953,25953,senado,Fabiano Contarato,M,REDE,ES,-4.7113251191722565,-1.0076554965634656,0.350629,13,5.239665471923536,12,0,1
5959,25959,senado,Styvenson Valentim,M,PODEMOS,RN,0.7975432300078609,-1.280158054399248,0,12,4.338342720600785,10,0,2
5960,25960,senado,Cândida Farias,M,NA,MT,NA,NA,NA,0,0,NA,NA,NA
5962,25962,senado,Alisson Taveira,M,NA,RN,NA,NA,NA,0,0,NA,NA,NA
5963,25963,senado,Coronel Margarida,M,NA,RN,NA,NA,NA,0,0,NA,NA,NA
5965,25965,senado,Júnior Souto,M,NA,RN,NA,NA,NA,0,0,NA,NA,NA
5966,25966,senado,Pastor Manoel Roberto,M,NA,RN,NA,NA,NA,0,0,NA,NA,NA
5967,25967,senado,Angelo Coronel,M,PSD,BA,3.1528870597498795,7.187039426488479,0.107731,5,0.24417989417989416,3,0,2
5968,25968,senado,Luis Felipe Belmonte,M,NA,DF,NA,NA,NA,0,0,NA,NA,NA
5969,25969,senado,Andre Filipe,M,NA,DF,NA,NA,NA,0,0,NA,NA,NA
5971,25971,senado,Prisco Bezerra,M,PDT,CE,-2.332061791436332,1.5036056281731565,0.139058,0,0,NA,NA,NA
5972,25972,senado,Julio Ventura,M,NA,CE,NA,NA,NA,0,0,NA,NA,NA
5973,25973,senado,Cid Gomes,M,PDT,CE,-6.432250373455533,0.3035737514291128,NA,4,0.14417989417989419,3,0,1
5974,25974,senado,Sargento Reginaldo,M,NA,CE,NA,NA,NA,0,0,NA,NA,NA
5975,25975,senado,Dr. Guimarães,M,NA,CE,NA,NA,NA,0,0,NA,NA,NA
5976,25976,senado,Eduardo Girão,M,PODEMOS,CE,2.0739954215550327,0.29017018802470673,0,6,1.1727513227513227,5,0,1
5977,25977,senado,Leany Lemos,F,NA,DF,NA,NA,NA,0,0,NA,NA,NA
5978,25978,senado,Ivonete Nascimento,F,NA,DF,NA,NA,NA,0,0,NA,NA,NA
5979,25979,senado,Leila Barros,F,PSB,DF,-3.2648195755518046,-0.6654980689340526,0.0656801,8,0.7383427206007851,7,0,1
5980,25980,senado,Fernando Carvalho,M,NA,SE,NA,NA,NA,0,0,NA,NA,NA
5981,25981,senado,Major Ildomario,M,NA,SE,NA,NA,NA,0,0,NA,NA,NA
5982,25982,senado,Alessandro Vieira,M,CIDADANIA,SE,-0.034317331056378464,0.8763776677865209,0,10,5.1669141491722135,7,1,2
5983,25983,senado,José Chagas,M,NA,MS,NA,NA,NA,0,0,NA,NA,NA
5984,25984,senado,Professora Bazé,F,NA,MS,NA,NA,NA,0,0,NA,NA,NA
5985,25985,senado,Nelsinho Trad,M,PSD,MS,3.3658947565731374,7.65762637623326,0.365028,6,1.1669141491722137,6,0,0
5986,25986,senado,Rodolfo Nogueira,M,NA,MS,NA,NA,NA,0,0,NA,NA,NA
5987,25987,senado,Danny Fabricio,M,NA,MS,NA,NA,NA,0,0,NA,NA,NA
5988,25988,senado,Soraya Thronicke,F,PSL,MS,6.258085905115966,8.025171035205318,0.278117,3,1.069047619047619,2,1,0
5989,25989,senado,Ana Maria,F,NA,MG,NA,NA,NA,0,0,NA,NA,NA
5990,25990,senado,Carlos Viana,M,PSD,MG,5.978830403718476,8.631001864309663,0,3,2.0357142857142856,2,0,1
5991,25991,senado,Castellar Guimarães Neto,M,NA,MG,NA,NA,NA,0,0,NA,NA,NA
5992,25992,senado,Danilo Martins de Oliveira,M,NA,MG,NA,NA,NA,0,0,NA,NA,NA
5993,25993,senado,Jorge Mitidieri,M,NA,SE,NA,NA,NA,0,0,NA,NA,NA
5994,25994,senado,Maria da Taiçoca,F,NA,SE,NA,NA,NA,0,0,NA,NA,NA
5995,25995,senado,Suely Santiago,F,NA,PB,NA,NA,NA,0,0,NA,NA,NA
5996,25996,senado,Diego Tavares,M,PP,PB,4.776100523585537,3.7509164748755275,NA,0,0,NA,NA,NA
5997,25997,senado,Nailde Panta,F,PP,PB,NA,NA,NA,0,0,NA,NA,NA
5998,25998,senado,Daniella Ribeiro,F,PP,PB,5.9332279101129775,0.014668306802780862,0.360477,1,0.02857142857142857,1,0,0
5999,25999,senado,Helenilson Pontes,M,NA,PA,NA,NA,NA,0,0,NA,NA,NA
6000,26000,senado,Chamon,M,NA,PA,NA,NA,NA,0,0,NA,NA,NA
6001,26001,senado,Arlindo Silva,M,NA,PA,NA,NA,NA,0,0,NA,NA,NA
6002,26002,senado,Marinho Cunha,M,NA,PA,NA,NA,NA,0,0,NA,NA,NA
6004,26004,senado,Terciliano Gomes,M,NA,TO,NA,NA,NA,0,0,NA,NA,NA
6005,26005,senado,Siqueira Campos,M,DEM,TO,2.8410070742662477,NA,NA,0,0,NA,NA,NA
6006,26006,senado,Ogari Pacheco,M,NA,TO,NA,NA,NA,0,0,NA,NA,NA
6007,26007,senado,Ivani Boscolo,F,NA,SP,NA,NA,NA,0,0,NA,NA,NA
6008,26008,senado,Giordano,M,NA,SP,NA,NA,NA,0,0,NA,NA,NA
6009,26009,senado,Astronauta Marcos Pontes,M,NA,SP,NA,NA,NA,0,0,NA,NA,NA
6010,26010,senado,Ivete da Silveira,F,NA,SC,NA,NA,NA,0,0,NA,NA,NA
6011,26011,senado,Beto Martins,M,NA,SC,NA,NA,NA,0,0,NA,NA,NA
6012,26012,senado,Denise dos Santos,F,NA,SC,NA,NA,NA,0,0,NA,NA,NA
6013,26013,senado,Carlos Alberto,M,NA,AM,NA,NA,NA,0,0,NA,NA,NA
6014,26014,senado,Luciana Leão Muniz,F,NA,BA,NA,NA,NA,0,0,NA,NA,NA
6015,26015,senado,Ireneu Orth,M,NA,RS,NA,NA,NA,0,0,NA,NA,NA
6016,26016,senado,Drica de Lucena,F,NA,RS,NA,NA,NA,0,0,NA,NA,NA
6017,26017,senado,Cleonice Back,F,NA,RS,NA,NA,NA,0,0,NA,NA,NA
6018,26018,senado,Reginete Bispo,F,NA,RS,NA,NA,NA,0,0,NA,NA,NA
6019,26019,senado,Maria Eliza,F,NA,RO,NA,NA,NA,0,0,NA,NA,NA
6020,26020,senado,Carlos Milton Morais,M,NA,RO,NA,NA,NA,0,0,NA,NA,NA
6021,26021,senado,Samuel Araujo,M,NA,RO,NA,NA,NA,0,0,NA,NA,NA
6022,26022,senado,Pastor Severino,M,NA,RO,NA,NA,NA,0,0,NA,NA,NA
6023,26023,senado,Pedro Arthur,M,NA,RR,NA,NA,NA,0,0,NA,NA,NA
6024,26024,senado,Onésimo Cruz,M,NA,RR,NA,NA,NA,0,0,NA,NA,NA
6025,26025,senado,Enfermeira Roberta,F,NA,RR,NA,NA,NA,0,0,NA,NA,NA
6026,26026,senado,Afonso Parente,M,NA,RR,NA,NA,NA,0,0,NA,NA,NA
6027,26027,senado,Mecias de Jesus,M,REPUBLICANOS,RR,2.8650407981331796,-6.172755809150397,0.643145,4,3.0285714285714285,1,3,0
611,2611,senado,Chiquinho Feitosa,M,PSDB,CE,NA,NA,NA,0,0,NA,NA,NA
6287,26287,senado,Marcos de Souza Costa,M,NA,TO,NA,NA,NA,0,0,NA,NA,NA
62881,162881,camara,Danilo Forte,M,PSDB,CE,2.3040959266094063,3.4204004951944036,NA,0,0,NA,NA,NA
6295,26295,senado,Carlos Fávaro,M,PSD,MT,9.27214203922053,4.320503474909607,NA,2,2,1,0,1
63,263,senado,Ney Suassuna,M,REPUBLICANOS,PB,5.729928344582378,1.9449068641762892,NA,0,0,NA,NA,NA
6304,26304,senado,Margareth Gettert Busetti,F,NA,MT,NA,NA,NA,0,0,NA,NA,NA
6305,26305,senado,José Esteves de Lacerda Filho,M,NA,MT,NA,NA,NA,0,0,NA,NA,NA
66179,166179,camara,Norma Ayub,F,DEM,ES,3.1959956749573095,1.9333993400280356,0.132825,0,0,NA,NA,NA
66828,166828,camara,Fausto Pinato,M,PP,SP,3.1299608869186066,0.7008375116747025,0.370005,0,0,NA,NA,NA
67138,167138,camara,Iracema Portella,F,PP,PI,5.79402349855207,-1.3041050122311066,0.0977693,1,1,1,0,0
674,2674,senado,Pedro Fernandes,M,PTB,MA,NA,NA,NA,0,0,NA,NA,NA
677,2677,senado,Roberto Rocha,M,PSDB,MA,5.45559147976925,7.544909155852203,0.365028,1,1,1,0,0
68720,168720,camara,Fábio Henrique,M,PDT,SE,-0.4268032355501443,-3.071905369821513,0.0935543,0,0,NA,NA,NA
69871,169871,camara,Bacelar,M,PODE,BA,-3.7018323486314175,-9.280761142192059,0.172,0,0,NA,NA,NA
70,270,senado,Renan Calheiros,M,MDB,AL,-2.127348300870678,-2.706892556691689,0.0587408,0,0,NA,NA,NA
72442,172442,camara,Felipe Carreras,M,PSB,PE,0.41913004601843795,-1.6363380967726542,0.105811,21,21,21,0,0
73433,173433,camara,Arlindo Chinaglia,M,PT,SP,-6.644165225647144,-6.848096332749458,0.145517,1,0.019230769230769232,1,0,0
73441,173441,camara,Celso Russomanno,M,REPUBLICANOS,SP,4.627408447483576,4.776384478709064,0.0869115,0,0,NA,NA,NA
73460,173460,camara,Gustavo Fruet,M,PDT,PR,-0.40901099411760633,-0.853789034133646,0.168274,0,0,NA,NA,NA
73466,173466,camara,Rubens Bueno,M,CIDADANIA,PR,2.19401330610385,1.949177727522187,0.213515,3,3,3,0,0
73482,173482,camara,Henrique Fontana,M,PT,RS,-4.846301885794091,-8.360965134571188,0.136621,1,0.019230769230769232,1,0,0
73486,173486,camara,Pompeo De Mattos,M,PDT,RS,-0.890509369937476,-0.7667211233073292,0.158371,1,1,1,0,0
73531,173531,camara,Ivan Valente,M,PSOL,SP,-8.820488412484591,-8.270553172006322,0.466379,12,2.9574346405228757,11,1,0
73586,173586,camara,Júlio Delgado,M,PSB,MG,-1.3837604744073673,-4.746031922367379,0.149695,8,1.4918151922689127,8,0,0
73604,173604,camara,Rui Falcão,M,PT,SP,-5.322373652546416,-7.591285278307389,0.0933704,3,1.0419580419580419,3,0,0
73674,173674,camara,Roberto Balestra,M,PP,GO,NA,NA,NA,0,0,NA,NA,NA
73692,173692,camara,Osmar Terra,M,MDB,RS,5.616697107224844,2.870932359300687,NA,0,0,NA,NA,NA
73696,173696,camara,Angela Amin,F,PP,SC,2.9641577732148363,-1.5994210732562468,0.152179,0,0,NA,NA,NA
73701,173701,camara,Benedita Da Silva,F,PT,RJ,-4.337511536068922,-7.348814158852909,0.400277,2,0.053713527851458887,2,0,0
73772,173772,camara,Hermes Parcianello,M,MDB,PR,2.686358078985929,6.194114361542439,0.147435,0,0,NA,NA,NA
73788,173788,camara,Ricardo Barros,M,PP,PR,5.346471724618844,0.7445680568575224,0.151549,0,0,NA,NA,NA
73801,173801,camara,Renildo Calheiros,M,PCdoB,PE,-2.9380209505543124,-8.866404993077246,0.209886,1,0.125,1,0,0
73808,173808,camara,Sérgio Brito,M,PSD,BA,5.505537958940497,4.5311988780765855,0.197733,0,0,NA,NA,NA
73891,173891,camara,Darcísio Perondi,M,MDB,RS,5.280748251563521,0.4355234739647429,0.143271,0,0,NA,NA,NA
739,2739,senado,Ciro Nogueira,M,PP,PI,8.929895241802775,6.357885041361627,0.116034,5,3.072751322751323,3,1,1
73943,173943,camara,Perpétua Almeida,F,PCdoB,AC,-2.3722298478608366,-7.62686680027759,0.172894,2,0.4583333333333333,2,0,0
74010,174010,camara,Valdir Colatto,M,MDB,SC,NA,NA,NA,0,0,NA,NA,NA
74043,174043,camara,Wellington Roberto,M,PL,PB,4.5300865149838,5.456176222598614,0.404823,0,0,NA,NA,NA
74044,174044,camara,Wilson Santiago,M,PTB,PB,3.895628772695618,1.521706153987889,0.172297,0,0,NA,NA,NA
74052,174052,camara,Bosco Costa,M,PL,SE,5.901238609691777,5.335287335631387,0.125828,0,0,NA,NA,NA
74057,174057,camara,Alice Portugal,F,PCdoB,BA,-3.078276527877051,-6.615450277973972,0.288455,2,0.4583333333333333,2,0,0
74060,174060,camara,Daniel Almeida,M,PCdoB,BA,-3.0095933776356443,-7.648331925830365,0.523905,1,0.125,1,0,0
74075,174075,camara,Elcione Barbalho,F,MDB,PA,4.073747785208738,2.977728702247502,0.159046,0,0,NA,NA,NA
74079,174079,camara,José Priante,M,MDB,PA,3.939941639322779,0.3204396650685801,0.134328,0,0,NA,NA,NA
74090,174090,camara,Átila Lins,M,PP,AM,5.094317794874,4.100741056022697,0.426454,1,0.1111111111111111,1,0,0
74141,174141,camara,Josias Gomes,M,PT,BA,-4.8524103733944095,NA,NA,0,0,NA,NA,NA
74156,174156,camara,Leonardo Monteiro,M,PT,MG,-3.9658343085420036,-7.4418261883537085,0.41458,9,0.7737342478721789,9,0,0
74158,174158,camara,Mário Heringer,M,PDT,MG,-1.2562837176466797,-0.7987505128061354,0.519252,7,7,7,0,0
74159,174159,camara,Odair Cunha,M,PT,MG,-4.023698633099523,-8.588597874524956,0.123393,1,0.019230769230769232,1,0,0
74160,174160,camara,Patrus Ananias,M,PT,MG,-6.376564811004134,-8.323316486730704,0.105135,17,2.050175456539554,14,0,3
74161,174161,camara,Reginaldo Lopes,M,PT,MG,-3.645224448098036,-8.121591448014957,0.123393,3,0.22038019451812554,2,0,1
74165,174165,camara,Neucimar Fraga,M,PSD,ES,NA,NA,NA,0,0,NA,NA,NA
742,2742,senado,Marcelo Castro,M,MDB,PI,5.17720816884677,0.3907435027845114,0.123935,4,0.20500938726745177,3,0,1
74200,174200,camara,Gastão Vieira,M,PROS,MA,2.1255960192148944,-2.036264736160832,0.163505,0,0,NA,NA,NA
74212,174212,camara,Aníbal Gomes,M,DEM,CE,6.76102617042212,5.628191261090903,NA,0,0,NA,NA,NA
74262,174262,camara,Carlos Sampaio,M,PSDB,SP,2.9939908587306423,-0.7528746650701574,0.365028,0,0,NA,NA,NA
74270,174270,camara,Gilberto Nascimento,M,PSC,SP,3.4503024053745897,2.0773186978560503,0.474654,0,0,NA,NA,NA
74273,174273,camara,Jefferson Campos,M,PSB,SP,2.3588853891805694,-0.5178706571703326,NA,0,0,NA,NA,NA
74283,174283,camara,Vicentinho,M,PT,SP,-5.108302118044571,-7.397749861344368,0.128135,3,0.07899507899507899,3,0,0
74299,174299,camara,Leônidas Cristino,M,PDT,CE,-1.6414993294479636,-2.3034098049245912,0.151554,0,0,NA,NA,NA
74305,174305,camara,Roberto Pessoa,M,PSDB,CE,3.7051546767998484,4.854795309712461,0.108184,0,0,NA,NA,NA
74317,174317,camara,Júlio Cesar,M,PSD,PI,5.725010713665288,4.4972173150893475,0.163818,0,0,NA,NA,NA
74319,174319,camara,Paes Landim,M,PTB,PI,4.0072609243749095,2.4460047928924844,0.183141,0,0,NA,NA,NA
74352,174352,camara,Nilson Pinto,M,PSDB,PA,3.138691644420371,5.429313372104765,0.120497,0,0,NA,NA,NA
74356,174356,camara,Silas Câmara,M,REPUBLICANOS,AM,3.872751147428172,5.543897812190856,0.365028,2,2,0,2,0
74366,174366,camara,João Campos,M,REPUBLICANOS,GO,4.52175032001248,4.780170979892953,0.0695292,0,0,NA,NA,NA
74371,174371,camara,Rubens Otoni,M,PT,GO,-7.219771333846651,-8.106073196933556,0.135579,16,12.163281571369806,16,0,0
74374,174374,camara,Geraldo Resende,M,PSDB,MS,NA,NA,NA,0,0,NA,NA,NA
74376,174376,camara,Vander Loubet,M,PT,MS,-4.2894354275516235,-7.904917633077796,0.117634,6,0.23480136702753335,6,0,0
74383,174383,camara,Giacobo,M,PL,PR,5.291135350696894,-0.007762008352941052,0.140174,0,0,NA,NA,NA
74398,174398,camara,Maria Do Rosário,F,PT,RS,-7.051815668719049,-6.236254296512137,0.221891,6,0.3301445042824353,4,0,2
74399,174399,camara,Onyx Lorenzoni,M,DEM,RS,10,NA,NA,0,0,NA,NA,NA
74400,174400,camara,Paulo Pimenta,M,PT,RS,-6.208934307030493,-8.364520087920878,0.414737,6,1.8192307692307692,4,0,2
74419,174419,camara,Gonzaga Patriota,M,PSB,PE,-2.033899675909532,-5.438435581223703,0.160948,2,0.08448275862068966,2,0,0
74439,174439,camara,Wolney Queiroz,M,PDT,PE,-1.7221997340372237,-2.4924216843098534,0.183231,0,0,NA,NA,NA
74459,174459,camara,Átila Lira,M,PP,PI,5.030936752719459,5.695851062968613,0.0869115,0,0,NA,NA,NA
74467,174467,camara,Damião Feliciano,M,PDT,PB,-1.1209746473184552,-2.0399065344244516,0.173196,1,1,1,0,0
74471,174471,camara,André De Paula,M,PSD,PE,4.485072492588733,3.48054028541039,0.432247,0,0,NA,NA,NA
74478,174478,camara,Luciano Bivar,M,PSL,PE,4.050219904343919,1.9638287876857987,0.449457,0,0,NA,NA,NA
74537,174537,camara,Claudio Cajado,M,PP,BA,5.984336889167107,5.731727965170119,0.154281,0,0,NA,NA,NA
74554,174554,camara,José Rocha,M,PL,BA,6.0355415646228785,4.354790665376454,0.157042,0,0,NA,NA,NA
74571,174571,camara,Nelson Pellegrino,M,PT,BA,-4.689593945650897,-2.903089706116834,NA,1,0.019230769230769232,1,0,0
74574,174574,camara,Paulo Magalhães,M,PSD,BA,3.1085454688746808,3.734656138868333,0.145586,0,0,NA,NA,NA
74585,174585,camara,Lincoln Portela,M,PL,MG,3.420755536213246,-1.0504054532818277,0.150217,6,6,6,0,0
74646,174646,camara,Aécio Neves,M,PSDB,MG,3.174709400308478,4.493685064736342,0.175378,0,0,NA,NA,NA
74655,174655,camara,Eduardo Barbosa,M,PSDB,MG,2.644079582202041,4.727657655548914,0.129512,0,0,NA,NA,NA
74693,174693,camara,Rodrigo Maia,M,DEM,RJ,4.507057863110607,4.5385964876290465,1,0,0,NA,NA,NA
74749,174749,camara,Mauro Lopes,M,MDB,MG,3.887978021264784,4.304386518434903,0.230443,0,0,NA,NA,NA
74784,174784,camara,Luiza Erundina,F,PSOL,SP,-3.2635158741971884,-2.7528722202195457,0.204613,9,0.8705938697318008,8,1,0
74806,174806,camara,Tadeu Filippelli,M,MDB,DF,3.801197618586855,1.0902195343100995,NA,0,0,NA,NA,NA
74848,174848,camara,Jandira Feghali,F,PCdoB,RJ,-2.682902491535031,-6.518030059922246,0.547176,7,3.592171717171717,7,0,0
751,2751,senado,Arolde de Oliveira,M,PSD,RJ,6.018947003038203,7.923783295141249,0.112134,2,0.06428571428571428,2,0,0
75431,175431,camara,Maurício Dziedricki,M,PTB,RS,4.819882456879309,4.570684372224417,0.165631,0,0,NA,NA,NA
76874,176874,camara,Marcelo Freixo,M,PSOL,RJ,-7.4703206486977844,-8.1775660413623,0.186297,13,2.014644671870838,12,1,0
791,2791,senado,Vivaldo Barbosa,M,PSB,RJ,NA,NA,NA,0,0,NA,NA,NA
81055,181055,camara,Márcio Jerry,M,PCdoB,MA,-2.8826402903262256,-8.391778415879438,0.181611,1,0.125,1,0,0
81297,181297,camara,Dra. Soraya Manato,F,PSL,ES,6.122287781474817,4.1324919670890115,0.098133,1,1,1,0,0
825,2825,senado,Paulo Paim,M,PT,RS,-6.820846870078968,-8.288723372595733,0.358875,7,0.3468083290663936,6,0,1
878,2878,senado,José Aníbal,M,PSDB,SP,NA,NA,NA,0,0,NA,NA,NA
90,290,senado,José Serra,M,PSDB,SP,3.2685861580026376,-0.4135911726017092,0.0695292,3,2.037037037037037,3,0,0
90201,190201,camara,Pedro Augusto Bezerra,M,PTB,CE,2.632640297381597,1.5529498147383478,0.0357165,4,4,4,0,0
90842,190842,camara,Santini,M,PTB,RS,3.8828987986035948,3.911096912044174,0.11023,3,3,0,3,0
92102,192102,camara,Leur Lomanto Júnior,M,DEM,BA,4.7547814002885165,0.48728249546736535,0.185842,2,2,1,1,0
92172,192172,camara,Milton Coelho,M,PSB,PE,NA,NA,NA,0,0,NA,NA,NA
92346,192346,camara,Eduardo Bolsonaro,M,PSL,SP,8.349037446720608,1.9843735404445955,0.356465,1,1,1,0,0
92699,192699,camara,Fernando Monteiro,M,PP,PE,3.987411489676031,1.4615279078573433,0.0856632,0,0,NA,NA,NA
92776,192776,camara,Stefano Aguiar,M,PSD,MG,4.3448128153459304,0.4823091334024525,0.0753542,0,0,NA,NA,NA
93083,193083,camara,Cacá Leão,M,PP,BA,6.64562970064247,8.728401846161908,0.0975581,0,0,NA,NA,NA
945,2945,senado,Alvaro Dias,M,PODEMOS,PR,-0.0983121257702706,-0.33650070171551505,0.347646,7,2.1703703703703705,5,1,1
98057,198057,camara,Lafayette De Andrada,M,REPUBLICANOS,MG,4.561802472519258,3.7968975543830474,0.0973409,0,0,NA,NA,NA
