nome,id_entidade_parlametria,partido,uf,casa,governismo,governismo_ma,peso_politico,votos_favoraveis,votos_contra,votos_indef,votos_sim_nao,apoio
Abílio Santana,1204554,PL,BA,camara,5.196967639177403,1.7991421823774072,0,3,20,0,23,0.13043478260869565
Abou Anni,1204521,PSL,SP,camara,4.502292738134395,7.289786876866444,0.0539406,2,20,0,22,0.09090909090909091
Acácio Favacho,1204379,PROS,AP,camara,4.641593502512835,7.2868136997271975,0.169883,1,9,0,10,0.1
Adolfo Viana,1204560,PSDB,BA,camara,3.935508257428868,4.774360576715711,0.0777261,1,0,0,1,1
Adriana Ventura,1204528,NOVO,SP,camara,6.182809530707537,7.5664076996181215,0.0149032,2,20,0,22,0.09090909090909091
Adriano Do Baldy,1121948,PP,GO,camara,7.600996818687207,8.82684454275649,0.0541966,2,15,0,17,0.11764705882352941
Aécio Neves,174646,PSDB,MG,camara,3.174709400308478,4.493685064736342,0.140708,1,2,0,3,0.3333333333333333
Afonso Florence,1160508,PT,BA,camara,-6.854015545309499,-6.4148096682061055,0.0686332,2,0,7,2,1
Afonso Hamm,1136811,PP,RS,camara,4.45616723626874,5.435949598866436,0.112052,3,17,0,20,0.15
Afonso Motta,1178835,PDT,RS,camara,-0.7098676929229129,-0.5402101621874866,0.0958537,2,19,0,21,0.09523809523809523
Aguinaldo Ribeiro,1160527,PP,PB,camara,5.518472207972938,5.542530534454318,0.318218,1,2,0,3,0.3333333333333333
Airton Faleiro,1204495,PT,PA,camara,-5.36004615143955,-7.798706970793458,0.0651654,3,0,18,3,1
Aj Albuquerque,1204549,PP,CE,camara,5.99447622696767,4.007644341273409,0.116073,2,17,0,19,0.10526315789473684
Alan Rick,1178836,DEM,AC,camara,3.5888998243279815,4.491276832019178,0.0526798,3,15,0,18,0.16666666666666666
Alceu Moreira,1160559,MDB,RS,camara,4.390474277201349,3.9770647376141266,0.114948,3,19,0,22,0.13636363636363635
Alcides Rodrigues,1204413,PATRIOTA,GO,camara,6.3353235100039775,4.2785196563836045,0.013946,2,18,0,20,0.1
Alê Silva,1204545,PSL,MG,camara,6.706612166731137,6.822273858418011,0,2,21,0,23,0.08695652173913043
Alencar Santana Braga,1204501,PT,SP,camara,-7.990575774197204,-5.78579061889435,0.091359,1,0,3,1,1
Alessandro Molon,1160511,PSB,RJ,camara,-3.0153705474707024,-7.358340047947766,0.35661,3,0,13,3,1
Alex Manente,1178972,CIDADANIA,SP,camara,2.136485375751631,3.4073490123129453,0.169907,1,0,0,1,1
Alex Santana,1204571,PDT,BA,camara,1.4002722621692758,-1.178082126473317,0,2,1,5,3,0.6666666666666666
Alexandre Frota,1204544,PSDB,SP,camara,1.350618805177767,-0.2799115588489638,0,2,14,0,16,0.125
Alexandre Leite,1160545,DEM,SP,camara,3.984909887977178,1.8769834667629581,0.0893462,1,14,0,15,0.06666666666666667
Alexandre Padilha,1204503,PT,SP,camara,-7.175689343733485,-9.071795978160024,0.0609657,3,0,12,3,1
Alexis Fonteyne,1204516,NOVO,SP,camara,6.139760885688734,7.091622457101362,0.0149032,2,15,0,17,0.11764705882352941
Alice Portugal,174057,PCdoB,BA,camara,-3.078276527877051,-6.615450277973972,0.23143,1,0,16,1,1
Aliel Machado,1178927,PSB,PR,camara,-1.846949833893122,-3.665227598078964,0.0915204,2,0,11,2,1
Aline Sleutjes,1204400,PSL,PR,camara,7.8164372992647415,3.303235274509838,0.041838,2,18,0,20,0.1
Altineu Côrtes,1178937,PL,RJ,camara,3.9997476698273715,0.6293586306393717,0.113817,2,9,0,11,0.18181818181818182
Aluisio Mendes,1178881,PSC,MA,camara,5.299096247497243,0.1657414939293762,0.013946,2,6,0,8,0.25
Amaro Neto,1204356,REPUBLICANOS,ES,camara,4.564248751279598,4.628697834548124,0.013946,3,20,0,23,0.13043478260869565
André Abdon,1178831,PP,AP,camara,8.201701649577053,5.861070914021436,0.0569207,1,13,0,14,0.07142857142857142
André De Paula,174471,PSD,PE,camara,4.485072492588733,3.48054028541039,0.442426,1,14,0,15,0.06666666666666667
André Ferreira,1204423,PSC,PE,camara,5.642179274926404,3.645331444163924,0.34277,0,11,0,11,0
André Figueiredo,1133439,PDT,CE,camara,-1.6197915932863456,-2.459714725467551,0.343945,2,0,5,2,1
André Fufuca,1178882,PP,MA,camara,5.422972696538844,3.9369997964962415,0.079785,0,4,0,4,0
André Janones,1204515,AVANTE,MG,camara,0.0967041403436113,-1.7540002592268475,0.0533296,7,12,0,19,0.3684210526315789
Angela Amin,173696,PP,SC,camara,2.9641577732148363,-1.5994210732562468,0.122094,8,11,0,19,0.42105263157894735
Aníbal Gomes,174212,DEM,CE,camara,6.76102617042212,5.628191261090903,0.122127,1,15,0,16,0.0625
Antonio Brito,1160553,PSD,BA,camara,3.2878403932072544,3.7342230506730782,0.298103,0,11,0,11,0
Arlindo Chinaglia,173433,PT,SP,camara,-6.644165225647144,-6.848096332749458,0.11675,2,0,2,2,1
Arnaldo Jardim,1141391,CIDADANIA,SP,camara,2.2299558540904094,1.3125415860930207,0.183891,3,17,0,20,0.15
Aroldo Martins,1204414,REPUBLICANOS,PR,camara,4.506865648155854,5.207271207268082,0,3,18,0,21,0.14285714285714285
Arthur Lira,1160541,PP,AL,camara,5.809136496230341,8.344254345385192,1,2,12,0,14,0.14285714285714285
Arthur Oliveira Maia,1160600,DEM,BA,camara,3.6317554170584376,1.7131197038840043,0.125014,2,11,0,13,0.15384615384615385
Átila Lins,174090,PP,AM,camara,5.094317794874,4.100741056022697,0.342149,0,16,0,16,0
Átila Lira,174459,PP,PI,camara,5.030936752719459,5.695851062968613,0.06973,3,20,0,23,0.13043478260869565
Augusto Coutinho,1160665,SOLIDARIEDADE,PE,camara,3.7213582217810632,4.227572384602931,0.37042,2,1,0,3,0.6666666666666666
Áurea Carolina,1204509,PSOL,MG,camara,-8.644086273652816,-4.15887260849675,0.0545451,2,0,9,2,1
Aureo Ribeiro,1160512,SOLIDARIEDADE,RJ,camara,2.9607770080724336,3.868221898772937,0.152461,1,6,0,7,0.14285714285714285
Bacelar,169871,PODE,BA,camara,-3.7018323486314175,-9.280761142192059,0.137997,17,2,2,19,0.8947368421052632
Baleia Rossi,1178975,MDB,SP,camara,4.422182560884556,6.446367724117753,0.570975,1,14,0,15,0.06666666666666667
Benedita Da Silva,173701,PT,RJ,camara,-4.337511536068922,-7.348814158852909,0.321146,1,0,0,1,1
Benes Leocádio,1109429,REPUBLICANOS,RN,camara,4.2193583196236695,4.3929255125791435,0.108779,1,0,0,1,1
Beto Faro,1141335,PT,PA,camara,-5.2335148689005955,-9.144658931482422,0.0893378,2,0,12,2,1
Beto Pereira,1204358,PSDB,MS,camara,3.0181291759408158,4.829570889137029,0.0835604,3,16,0,19,0.15789473684210525
Beto Rosado,1178948,PP,RN,camara,4.23326233786597,5.534295608353631,0.0551758,0,10,0,10,0
Bia Cavassa,1207176,PSDB,MS,camara,2.851077581897755,1.276999619296289,0.13338,3,20,0,23,0.13043478260869565
Bia Kicis,1204374,PSL,DF,camara,9.582992211728268,3.994249582852021,0.0669408,2,19,0,21,0.09523809523809523
Bibo Nunes,1204388,PSL,RS,camara,6.347936375808565,2.921590050618617,0,2,19,0,21,0.09523809523809523
Bilac Pinto,1141513,DEM,MG,camara,3.8866876943069855,1.2414409071638595,0.133313,3,16,0,19,0.15789473684210525
Bira Do Pindaré,1204561,PSB,MA,camara,-3.238488640226164,-3.98634502900903,0.0751856,3,0,16,3,1
Boca Aberta,1204397,PROS,PR,camara,0.9706334383389894,-1.7557865081236699,0.013946,9,10,0,19,0.47368421052631576
Bohn Gass,1160538,PT,RS,camara,-7.4215296650000715,-8.133571856697998,0.109612,3,0,10,3,1
Bosco Costa,174052,PL,SE,camara,5.901238609691777,5.335287335631387,0.100953,2,14,0,16,0.125
Bosco Saraiva,1204551,SOLIDARIEDADE,AM,camara,3.8290914915937684,1.9722990518795669,0.305874,3,15,0,18,0.16666666666666666
Bozzella,1204502,PSL,SP,camara,4.220913421858432,6.764601776468105,0.013946,2,19,0,21,0.09523809523809523
Bruna Furlan,1160589,PSDB,SP,camara,1.9853974811745303,-1.4455747005866506,0.0995734,1,0,0,1,1
Cacá Leão,193083,PP,BA,camara,6.64562970064247,8.728401846161908,0.0782719,2,14,0,16,0.125
Camilo Capiberibe,1204352,PSB,AP,camara,-2.8197716873620955,-5.1359541122235886,0.152755,4,0,18,4,1
Capitão Alberto Neto,1204572,REPUBLICANOS,AM,camara,5.095642755325818,3.586598034731697,0,1,13,0,14,0.07142857142857142
Capitão Augusto,1178829,PL,SP,camara,4.770914638172544,5.371942935335909,0.301754,3,19,0,22,0.13636363636363635
Capitão Wagner,1204487,PROS,CE,camara,1.5240652094706526,0.5073776047831267,0.0667491,3,20,0,23,0.13043478260869565
Carla Zambelli,1204507,PSL,SP,camara,6.883352037421414,3.5807730309864603,0.028104,1,19,0,20,0.05
Carlos Chiodini,1204361,MDB,SC,camara,4.173591659047236,4.339681418022662,0.0514599,1,15,0,16,0.0625
Carlos Gomes,1178962,REPUBLICANOS,RS,camara,4.5275876179009025,4.054099296331483,0.0641516,1,6,0,7,0.14285714285714285
Carlos Henrique Gaguim,1178993,DEM,TO,camara,4.811309652543795,6.213530497349446,0.114194,3,18,0,21,0.14285714285714285
Carlos Jordy,1204460,PSL,RJ,camara,6.8110269356068365,6.952550314199847,0.023589100000000002,2,20,0,22,0.09090909090909091
Carlos Sampaio,174262,PSDB,SP,camara,2.9939908587306423,-0.7528746650701574,0.292866,6,5,0,11,0.5454545454545454
Carlos Veras,1204426,PT,PE,camara,-6.172196568181232,-6.106540167467587,0.0283247,1,0,11,1,1
Carlos Zarattini,1141398,PT,SP,camara,-4.919172540000528,-8.55555595250689,0.102804,2,0,6,2,1
Carmen Zanotto,1164360,CIDADANIA,SC,camara,1.9309031523639053,0.7621424803901604,0.151261,3,18,0,21,0.14285714285714285
Caroline De Toni,1204369,PSL,SC,camara,7.474608884958091,3.9809890328526,0.0138869,2,21,0,23,0.08695652173913043
Cássio Andrade,1204499,PSB,PA,camara,-0.3513045064537632,-1.6652600251838532,0.109788,4,5,11,9,0.4444444444444444
Celina Leão,1204380,PP,DF,camara,4.650323876843315,4.974903450260616,0.0807953,2,15,0,17,0.11764705882352941
Célio Moura,1204370,PT,TO,camara,-4.482645441188434,-6.747522743646701,0.0517705,3,0,13,3,1
Célio Silveira,1178876,PSDB,GO,camara,3.3138297603682503,4.643133198091849,0.113987,1,19,0,20,0.05
Célio Studart,1204488,PV,CE,camara,-1.1376416668423701,-3.7025323831707446,0.106076,9,0,12,9,1
Celso Maldaner,1141405,MDB,SC,camara,4.35708093554069,5.465189878913851,0.0991477,3,16,0,19,0.15789473684210525
Celso Russomanno,173441,REPUBLICANOS,SP,camara,4.627408447483576,4.776384478709064,0.06973,0,5,0,5,0
Celso Sabino,1204496,PSDB,PA,camara,3.965328373295753,-0.3707918966607373,0.0259965,6,17,0,23,0.2608695652173913
Cezinha De Madureira,1204504,PSD,SP,camara,5.56723873883662,2.9979819650735138,0.0760921,2,8,0,10,0.2
Charles Fernandes,1205476,PSD,BA,camara,2.4930543138250485,-0.5503382062159687,0.0749672,4,19,0,23,0.17391304347826086
Charlles Evangelista,1204490,PSL,MG,camara,5.207726074846802,3.457299498390345,0.0230384,2,19,0,21,0.09523809523809523
Chico D'angelo,1141439,PDT,RJ,camara,-2.1590414188609772,-3.5367236952214895,0.132647,2,0,8,2,1
Chiquinho Brazão,1204476,AVANTE,RJ,camara,4.424933521301401,1.6844341873044044,0.141063,3,17,0,20,0.15
Chris Tonietto,1204462,PSL,RJ,camara,8.481257304478788,4.675218888056012,0.0591791,2,20,0,22,0.09090909090909091
Christiane De Souza Yared,1178928,PL,PR,camara,4.9049530054445984,4.728176063221651,0.0762781,2,19,0,21,0.09523809523809523
Christino Aureo,1204440,PP,RJ,camara,4.014547421675555,7.0589803999201735,0.0919193,2,17,0,19,0.10526315789473684
Clarissa Garotinho,1178939,PROS,RJ,camara,0.7534040712879282,-2.368543823839138,0.152075,5,1,0,6,0.8333333333333334
Claudio Cajado,174537,PP,BA,camara,5.984336889167107,5.731727965170119,0.123781,1,0,0,1,1
Cleber Verde,1141408,REPUBLICANOS,MA,camara,4.872176009627863,4.666991875448325,0.06973,2,18,0,20,0.1
Coronel Armando,1204376,PSL,SC,camara,7.170510785248364,4.006340129885054,0.00273013,2,21,0,23,0.08695652173913043
Coronel Chrisóstomo,1204378,PSL,RO,camara,6.699809776524237,2.5214807491379965,0,1,16,0,17,0.058823529411764705
Coronel Tadeu,1204514,PSL,SP,camara,5.749481755625251,7.595584001854679,0.013946,2,15,0,17,0.11764705882352941
Cristiano Vale,1135054,PL,PA,camara,5.1862812986647135,6.872912559769105,0.0574888,3,18,0,21,0.14285714285714285
Da Vitoria,1204355,CIDADANIA,ES,camara,2.80615992183213,-0.06616044894396644,0.102226,5,15,0,20,0.25
Damião Feliciano,174467,PDT,PB,camara,-1.1209746473184552,-2.0399065344244516,0.138957,1,0,3,1,1
Daniel Almeida,174060,PCdoB,BA,camara,-3.0095933776356443,-7.648331925830365,0.420334,1,0,6,1,1
Daniel Coelho,1178916,CIDADANIA,PE,camara,2.150360139817934,-2.5460198050781138,0.380964,12,1,1,13,0.9230769230769231
Daniel Freitas,1204367,PSL,SC,camara,7.516570765053775,3.3212339462698655,0.027892,2,21,0,23,0.08695652173913043
Daniel Silveira,1204454,PSL,RJ,camara,6.613325605329493,4.748159492740998,0.0250546,2,21,0,23,0.08695652173913043
Daniel Trzeciak,1204409,PSDB,RS,camara,3.2671930253252253,6.979123544584603,0.0242994,3,20,0,23,0.13043478260869565
Daniela Do Waguinho,1204459,MDB,RJ,camara,3.632549230285992,4.933084299436562,0.0351376,3,19,0,22,0.13636363636363635
Danilo Cabral,1160528,PSB,PE,camara,-2.047362016695641,-4.980876054232571,0.101712,4,0,18,4,1
Danrlei De Deus Hinterholz,1160552,PSD,RS,camara,2.812079317009781,-0.42597072450678475,0.147627,2,5,0,7,0.2857142857142857
Darci De Matos,1116379,PSD,SC,camara,4.823484746193607,0.7453848968832393,0.093479,3,17,0,20,0.15
Darcísio Perondi,173891,MDB,RS,camara,5.280748251563521,0.4355234739647429,NA,3,11,0,14,0.21428571428571427
David Miranda,1205548,PSOL,RJ,camara,-6.671582489892106,-8.973861970924675,0.0630377,3,0,6,3,1
David Soares,1204511,DEM,SP,camara,3.4590640949478484,0.7029735036477813,0.0667591,1,0,0,1,1
Delegado Antônio Furtado,1204451,PSL,RJ,camara,3.011566814584935,0.35041612282649837,0.0100985,2,18,2,20,0.1
Delegado Éder Mauro,1178908,PSD,PA,camara,6.120826951787667,3.166729803679903,0.0554176,2,14,0,16,0.125
Delegado Marcelo Freitas,1204512,PSL,MG,camara,4.738378327613098,6.485113720597553,0.00649573,2,19,0,21,0.09523809523809523
Delegado Pablo,1204569,PSL,AM,camara,4.7567536603676785,3.62029149919341,0.0114759,1,17,0,18,0.05555555555555555
Delegado Waldir,1164359,PSL,GO,camara,3.45728803892575,-0.5315860929198788,0.354122,0,5,0,5,0
Denis Bezerra,1204542,PSB,CE,camara,-2.5327567680271166,-5.105662717563037,0.0981713,5,0,18,5,1
Diego Andrade,1160588,PSD,MG,camara,5.013149061669349,4.182213841463433,0.08452,1,14,0,15,0.06666666666666667
Diego Garcia,1178929,PODE,PR,camara,4.343199457898288,5.0189497588628385,0.0920984,1,17,0,18,0.05555555555555555
Dimas Fabiano,1160599,PP,MG,camara,6.386012212897889,7.741574436673716,0.129967,0,5,0,5,0
Domingos Neto,1143632,PSD,CE,camara,4.898160045792464,0.6286821767265831,0.0748257,3,4,0,7,0.42857142857142855
Domingos Sávio,1160758,PSDB,MG,camara,3.5402399283216006,5.49293746947529,0.104114,1,17,0,18,0.05555555555555555
Dr. Frederico,1204518,PATRIOTA,MG,camara,4.554312115174049,3.3882271152884424,0,3,17,0,20,0.15
Dr. Jaziel,1204481,PL,CE,camara,5.602650494087889,1.133579227851511,0.0750108,2,11,0,13,0.15384615384615385
Dr. Leonardo,1204439,SOLIDARIEDADE,MT,camara,3.0057837186030376,2.639464716652917,0.0782217,3,19,0,22,0.13636363636363635
Dr. Luiz Antonio Teixeira Jr.,1204450,PP,RJ,camara,4.344301490265609,6.712880370587342,0.0488506,2,17,0,19,0.10526315789473684
Dr. Luiz Ovando,1204351,PSL,MS,camara,6.484777812435301,4.880930123654947,0,2,21,0,23,0.08695652173913043
Dr. Zacharias Calil,1204412,DEM,GO,camara,3.6723357978238163,0.5672158409218468,0.0386215,2,16,0,18,0.1111111111111111
Dra. Soraya Manato,181297,PSL,ES,camara,6.122287781474817,4.1324919670890115,0.0787331,2,19,0,21,0.09523809523809523
Dra. Vanda Milani,1204434,SOLIDARIEDADE,AC,camara,3.303268050932811,4.80628368033344,0.0733954,2,18,0,20,0.1
Dulce Miranda,1178994,MDB,TO,camara,3.500283238487519,1.5292620681534892,0.0664739,2,16,0,18,0.1111111111111111
Edilázio Júnior,1204562,PSD,MA,camara,5.4050544945300345,0.6773369818567421,0.0683226,4,16,0,20,0.2
Edio Lopes,1141417,PL,RR,camara,5.518217133905981,4.936646340642453,0.137416,1,0,0,1,1
Edmilson Rodrigues,1134812,PSOL,PA,camara,-7.055106803499095,-7.248743557970302,NA,2,0,14,2,1
Edna Henrique,1204421,PSDB,PB,camara,2.2647280778297514,0.3234725978341437,0.0446279,3,19,0,22,0.13636363636363635
Eduardo Barbosa,174655,PSDB,MG,camara,2.644079582202041,4.727657655548914,0.103909,1,0,0,1,1
Eduardo Bismarck,1204541,PDT,CE,camara,-0.14837437985473834,-1.9401537944668643,0,3,0,13,3,1
Eduardo Bolsonaro,192346,PSL,SP,camara,8.349037446720608,1.9843735404445955,0.285996,0,0,1,0,NaN
Eduardo Braide,1204552,PODE,MA,camara,-0.05983300489255683,-3.8825834893775415,NA,15,3,3,18,0.8333333333333334
Eduardo Costa,1204500,PTB,PA,camara,3.7119117197011757,-0.906787105881735,0.0817325,3,10,0,13,0.23076923076923078
Eduardo Cury,1178977,PSDB,SP,camara,3.5497799418427824,1.0250854575967505,0.0796239,1,11,0,12,0.08333333333333333
Eduardo Da Fonte,1141421,PP,PE,camara,4.042481752092728,4.797048957362406,0.095577,0,8,0,8,0
Efraim Filho,1141422,DEM,PB,camara,4.440281678560357,5.272149257536661,0.0974397,0,10,0,10,0
Eli Borges,1204364,SOLIDARIEDADE,TO,camara,2.4210362380903057,3.5191880381077763,0.124397,2,18,0,20,0.1
Eli Corrêa Filho,1160532,DEM,SP,camara,3.9274148646707054,4.916942503894916,0.33247,3,12,0,15,0.2
Elias Vaz,1204389,PSB,GO,camara,-2.8681069054198884,-4.863743169372073,0.149257,4,0,16,4,1
Elmar Nascimento,1178854,DEM,BA,camara,3.8851856337413615,6.182465021093591,0.352669,0,3,0,3,0
Emanuel Pinheiro Neto,1198783,PTB,MT,camara,2.752520624572126,-0.11036734071466903,0.132687,3,19,0,22,0.13636363636363635
Emidinho Madeira,1161550,PSB,MG,camara,1.9478425475175989,-0.16052522935463642,0.0625655,1,0,0,1,1
Enéias Reis,1207309,PSL,MG,camara,5.12127251294239,3.9246797040402885,NA,2,16,0,18,0.1111111111111111
Enio Verri,1132504,PT,PR,camara,-7.014677384494272,-7.17008310801166,0.0845337,4,0,8,4,1
Enrico Misasi,1204537,PV,SP,camara,1.6412377369621503,-1.9015655327252734,0.0367434,4,1,9,5,0.8
Erika Kokay,1160575,PT,DF,camara,-6.453196971072883,-8.186060722380688,0.164295,2,0,5,2,1
Eros Biondini,1160640,PROS,MG,camara,5.565859472799824,3.29230211942148,0.128952,0,6,0,6,0
Euclydes Pettersen,1204482,PSC,MG,camara,3.9346620119412314,3.0847750660639868,0.110111,2,16,0,18,0.1111111111111111
Evair Vieira De Melo,1178871,PP,ES,camara,5.818829761993188,3.1557664022224614,0.0480196,2,4,0,6,0.3333333333333333
Expedito Netto,1178953,PSD,RO,camara,2.0027062491866694,0.3897600816548952,0.0491851,5,10,0,15,0.3333333333333333
Fábio Faria,1141428,PSD,RN,camara,5.045430215535674,3.275360245445869,NA,0,1,0,1,0
Fábio Henrique,168720,PDT,SE,camara,-0.4268032355501443,-3.071905369821513,0.0750596,7,0,14,7,1
Fábio Mitidieri,1178969,PSD,SE,camara,1.9091557185245982,-0.46305728667964097,0.297125,3,8,0,11,0.2727272727272727
Fábio Ramalho,1141427,MDB,MG,camara,3.5283330042265693,8.477273571483142,0.104,2,17,0,19,0.10526315789473684
Fabio Reis,1171623,MDB,SE,camara,3.401167084477466,1.209657047594261,0.0996311,3,19,0,22,0.13636363636363635
Fabio Schiochet,1204368,PSL,SC,camara,5.354423690563856,6.4148268627630785,0.00393573,1,11,0,12,0.08333333333333333
Fábio Trad,1160587,PSD,MS,camara,2.5902597184141474,0.9020517386744764,0.0688062,4,18,0,22,0.18181818181818182
Fausto Pinato,166828,PP,SP,camara,3.1299608869186066,0.7008375116747025,0.296859,2,8,0,10,0.2
Felício Laterça,1204477,PSL,RJ,camara,4.6388827132496875,2.643455505996897,0,2,15,0,17,0.11764705882352941
Felipe Carreras,172442,PSB,PE,camara,0.41913004601843795,-1.6363380967726542,0.0848929,6,4,11,10,0.6
Felipe Francischini,1204398,PSL,PR,camara,5.47556914655657,4.943185401708959,0.237082,2,17,0,19,0.10526315789473684
Felipe Rigoni,1204371,PSB,ES,camara,0.9186985765946751,-2.461091046447561,0.0178323,11,5,0,16,0.6875
Félix Mendonça Júnior,1160666,PDT,BA,camara,-0.45610337677755197,-0.36510758011460176,0.338845,0,2,2,2,0
Fernanda Melchionna,1204407,PSOL,RS,camara,-8.009863849173902,-8.433402615407408,0.11071,4,0,17,4,1
Fernando Coelho Filho,1141431,DEM,PE,camara,4.201223752175407,3.700243171658764,0.0971154,2,11,0,13,0.15384615384615385
Fernando Monteiro,192699,PP,PE,camara,3.987411489676031,1.4615279078573433,0.0687285,3,16,0,19,0.15789473684210525
Fernando Rodolfo,1204427,PL,PE,camara,3.11379808597726,1.023496679616997,0.0669408,1,12,0,13,0.07692307692307693
Filipe Barros,1204411,PSL,PR,camara,7.370583217495554,3.086778273734346,0.013946,2,18,0,20,0.1
Flávia Arruda,1204354,PL,DF,camara,4.226467449839289,5.072996812854294,0.0569156,1,19,0,20,0.05
Flávia Morais,1160598,PDT,GO,camara,-0.887575124354381,-1.3754782626480448,0.204217,1,0,10,1,1
Flaviano Melo,1141434,MDB,AC,camara,4.179939068182554,4.998078854606652,0.119389,2,16,0,18,0.1111111111111111
Flávio Nogueira,1191923,PDT,PI,camara,2.114890682665898,-0.8172982776952153,0.0965954,0,2,16,2,0
Flordelis,1204447,PSD,RJ,camara,4.781226366568845,2.651855580912832,0.0694591,2,12,0,14,0.14285714285714285
Francisco Jr.,1204392,PSD,GO,camara,4.808161835057419,-0.3983287854846207,0.0895967,1,0,0,1,1
Franco Cartafina,1204510,PP,MG,camara,3.6565071665593187,4.184444065691331,0.027892,2,19,0,21,0.09523809523809523
Fred Costa,1204494,PATRIOTA,MG,camara,3.407626781209366,-1.6084282254769455,0.420287,12,10,0,22,0.5454545454545454
Frei Anastacio Ribeiro,1204393,PT,PB,camara,-5.324072389385068,-7.923303111446417,0.0811021,0,0,17,0,NaN
Gastão Vieira,174200,PROS,MA,camara,2.1255960192148944,-2.036264736160832,0.131182,9,7,2,16,0.5625
Gelson Azevedo,1115746,PL,RJ,camara,5.788999670518869,4.266989723545224,0,3,19,0,22,0.13636363636363635
Genecias Noronha,1160669,SOLIDARIEDADE,CE,camara,3.6434132852304515,3.070164275086613,0.119959,2,9,0,11,0.18181818181818182
General Girão,1204473,PSL,RN,camara,6.824569179395141,3.2729269294157888,0.0101306,0,6,0,6,0
General Peternelli,1204484,PSL,SP,camara,5.712599412780612,6.539560613796198,0.0148448,2,17,0,19,0.10526315789473684
Geninho Zuliani,1204527,DEM,SP,camara,3.9870527406165763,4.286885753323171,0.109157,1,10,0,11,0.09090909090909091
Geovania De Sá,1178966,PSDB,SC,camara,3.6924988984471856,6.900018893969339,0.0938772,2,9,5,11,0.18181818181818182
Gervásio Maia,1204394,PSB,PB,camara,-2.639217224579557,-5.071932576973131,0.0992983,4,0,17,4,1
Giacobo,174383,PL,PR,camara,5.291135350696894,-0.007762008352941052,0.112463,3,11,0,14,0.21428571428571427
Gil Cutrim,1204575,PDT,MA,camara,2.8373130492695218,0.2656077329816,0.0486456,2,3,6,5,0.4
Gilberto Abramo,1204491,REPUBLICANOS,MG,camara,4.541649100047543,4.883978874676922,0.055784,3,17,0,20,0.15
Gilberto Nascimento,174270,PSC,SP,camara,3.4503024053745897,2.0773186978560503,0.38082,2,13,0,15,0.13333333333333333
Gilson Marques,1204365,NOVO,SC,camara,6.157005903642236,7.067796110825036,0.0273602,2,18,0,20,0.1
Giovani Cherini,1160673,PL,RS,camara,5.753344755192128,4.4135178356181335,0.125085,3,16,0,19,0.15789473684210525
Giovani Feltes,1178996,MDB,RS,camara,4.153436759119851,4.874307908549644,0.167943,2,18,0,20,0.1
Glauber Braga,1152605,PSOL,RJ,camara,-10,-10,0.15016,4,0,18,4,1
Glaustin Da Fokus,1204419,PSC,GO,camara,3.4346067991282307,2.4363614095096295,0.094816,2,16,0,18,0.1111111111111111
Gleisi Hoffmann,1107283,PT,PR,camara,-5.604659487888503,-9.453496286365368,0.0933379,1,0,0,1,1
Gonzaga Patriota,174419,PSB,PE,camara,-2.033899675909532,-5.438435581223703,0.12913,0,0,6,0,NaN
Greyce Elias,1198197,AVANTE,MG,camara,4.354932281073527,5.563817202465968,0.101972,3,17,0,20,0.15
Guiga Peixoto,1204513,PSL,SP,camara,6.4864114918784885,5.4650038166782196,0,2,21,0,23,0.08695652173913043
Guilherme Derrite,1204531,PP,SP,camara,6.262764145220331,5.356874345224007,0.0599624,3,19,0,22,0.13636363636363635
Guilherme Mussi,1160667,PP,SP,camara,5.8128791140568055,4.812858407543569,0.0856865,1,0,0,1,1
Gurgel,1204442,PSL,RJ,camara,5.062436029571293,3.6047461124672804,0.0207647,2,18,0,20,0.1
Gustavo Fruet,173460,PDT,PR,camara,-0.40901099411760633,-0.853789034133646,0.135008,0,3,3,3,0
Gustinho Ribeiro,1204408,SOLIDARIEDADE,SE,camara,3.954726585479463,6.351351398032584,0.11984,2,17,0,19,0.10526315789473684
Gutemberg Reis,1204456,MDB,RJ,camara,4.403418708391563,7.435710919107301,0.0350105,3,17,0,20,0.15
Haroldo Cathedral,1204465,PSD,RR,camara,4.303908783858839,3.400618398778869,0.00380988,3,19,1,22,0.13636363636363635
Heitor Freire,1204548,PSL,CE,camara,5.009085351473331,2.519122580309837,0.0352515,2,15,0,17,0.11764705882352941
Heitor Schuch,1178964,PSB,RS,camara,-2.0915378007306895,-5.163485085235787,0.113941,3,0,9,3,1
Helder Salomão,1178873,PT,ES,camara,-6.84870596131532,-7.8348361543111595,0.314929,3,0,15,3,1
Hélio Costa,1204373,REPUBLICANOS,SC,camara,2.869459810075341,-0.6322623655273656,0,5,17,0,22,0.22727272727272727
Hélio Leite,1178909,DEM,PA,camara,3.891732482229475,2.208078659341659,0.117707,2,20,0,22,0.09090909090909091
Helio Lopes,1204444,PSL,RJ,camara,8.09894644947327,5.036422546395233,0.0420728,2,19,0,21,0.09523809523809523
Henrique Fontana,173482,PT,RS,camara,-4.846301885794091,-8.360965134571188,0.109612,1,0,5,1,1
Hercílio Coelho Diniz,1204539,MDB,MG,camara,3.778976984215136,3.879461956912575,0.00121728,2,8,0,10,0.2
Herculano Passos,1178981,MDB,SP,camara,4.363488333429313,3.7768739864249135,0.131325,2,16,0,18,0.1111111111111111
Hermes Parcianello,173772,MDB,PR,camara,2.686358078985929,6.194114361542439,0.118289,3,19,0,22,0.13636363636363635
Hildo Rocha,1178884,MDB,MA,camara,3.6176235020976026,4.962691440742653,0.0557988,2,11,0,13,0.15384615384615385
Hiran Gonçalves,1178959,PP,RR,camara,4.552793544570752,9.128199323367085,0.0826745,1,5,0,6,0.16666666666666666
Hugo Leal,1141450,PSD,RJ,camara,3.77194620917658,0.062158914334329296,0.108937,4,9,0,13,0.3076923076923077
Idilvan Alencar,1204533,PDT,CE,camara,-2.20494146323123,-2.4803850923335924,0,2,0,16,2,1
Igor Timo,1204508,PODE,MG,camara,2.9170304425732,0.5622812910384312,0,4,9,0,13,0.3076923076923077
Isnaldo Bulhões Jr.,1204436,MDB,AL,camara,4.691795529877393,4.622047117662904,0.06973,1,3,0,4,0.25
Ivan Valente,173531,PSOL,SP,camara,-8.820488412484591,-8.270553172006322,0.374181,3,0,12,3,1
Jandira Feghali,174848,PCdoB,RJ,camara,-2.682902491535031,-6.518030059922246,0.439005,1,0,5,1,1
Jaqueline Cassol,1108338,PP,RO,camara,4.367303589584546,6.803791049807032,0.0828966,2,15,0,17,0.11764705882352941
Jerônimo Goergen,1160570,PP,RS,camara,4.483496219282772,7.576276828973306,0.100895,1,6,0,7,0.14285714285714285
Jéssica Sales,1178839,MDB,AC,camara,3.3533318743488003,1.7198804834952632,0.0538341,2,18,0,20,0.1
Jesus Sérgio,1204435,PDT,AC,camara,-0.24727036869226637,-0.911149520624333,0.0671191,1,7,5,8,0.125
Jhc,1178842,PSB,AL,camara,0.3729664740306404,-2.355257728018988,NA,4,2,12,6,0.6666666666666666
João Campos,174366,REPUBLICANOS,GO,camara,4.52175032001248,4.780170979892953,0.055784,1,0,0,1,1
João Carlos Bacelar,1141458,PL,BA,camara,6.589671342506961,1.5503588469343565,0.0957541,1,5,0,6,0.16666666666666666
João Daniel,1178970,PT,SE,camara,-4.936720480677984,-8.023851506430141,0.0715578,3,0,14,3,1
João H. Campos,1204429,PSB,PE,camara,-2.292028476151698,-4.122259940741983,NA,2,1,15,3,0.6666666666666666
João Maia,1141459,PL,RN,camara,6.174953565916667,5.971280809041152,0.305983,1,19,0,20,0.05
João Marcelo Souza,1112437,MDB,MA,camara,4.716852646170837,5.601720302894027,0.0669556,1,19,0,20,0.05
João Roma,1204576,REPUBLICANOS,BA,camara,4.703963062599442,1.4636287448607472,0,0,15,0,15,0
Joaquim Passarinho,1178910,PSD,PA,camara,5.034847255778413,-0.15364627575479517,0.0589568,5,18,0,23,0.21739130434782608
Joenia Wapichana,1204468,REDE,RR,camara,-2.125582761138035,-4.121369358730881,0.315665,3,0,9,3,1
Joice Hasselmann,1204546,PSL,SP,camara,4.086097324624527,7.190271495965781,0.0621001,2,10,0,12,0.16666666666666666
Jorge Braz,1205550,REPUBLICANOS,RJ,camara,4.381196614079787,0.7608233035869247,0.0641516,4,19,0,23,0.17391304347826086
Jorge Solla,1178857,PT,BA,camara,-6.229219120361085,-7.711517948550505,0.0522033,3,0,11,3,1
José Airton Félix Cirilo,1141464,PT,CE,camara,-5.421974452941349,-7.291784195343633,0.122295,2,0,16,2,1
José Guimarães,1141470,PT,CE,camara,-4.760657341689731,-8.341688387620389,0.0990389,2,0,7,2,1
Jose Mario Schreiner,1204386,DEM,GO,camara,3.7056300665973634,0.3258288800894604,0.0534052,3,17,0,20,0.15
José Medeiros,1204472,PODE,MT,camara,5.37763155177139,4.436545447461652,0.125469,3,14,0,17,0.17647058823529413
José Nelto,1204391,PODE,GO,camara,2.6472798724424678,-1.528339033098721,0.357648,3,1,0,4,0.75
José Nunes,1160619,PSD,BA,camara,3.528234008205345,5.487487542303546,0.120758,1,17,0,18,0.05555555555555555
José Priante,174079,MDB,PA,camara,3.939941639322779,0.3204396650685801,0.107773,2,17,0,19,0.10526315789473684
José Ricardo,1204555,PT,AM,camara,-5.721957838073906,-8.073018748871835,0.0818362,3,0,18,3,1
José Rocha,174554,PL,BA,camara,6.0355415646228785,4.354790665376454,0.125996,1,8,0,9,0.1111111111111111
Joseildo Ramos,1209189,PT,BA,camara,-6.739051957146476,-7.997158836043601,0.0852569,6,0,11,6,1
Josimar Maranhãozinho,1204563,PL,MA,camara,5.704010222452764,3.5265201712751555,0.0894128,3,17,0,20,0.15
Juarez Costa,1204474,MDB,MT,camara,3.956726799883741,6.2450651611956225,0.041838,3,19,0,22,0.13636363636363635
Julian Lemos,1204420,PSL,PB,camara,5.096602905896216,7.4746766913511635,0.0934431,2,15,0,17,0.11764705882352941
Júlio Cesar,174317,PSD,PI,camara,5.725010713665288,4.4972173150893475,0.131433,1,15,0,16,0.0625
Julio Cesar Ribeiro,1204372,REPUBLICANOS,DF,camara,4.469278954355422,4.5171589504232745,0.013946,2,17,0,19,0.10526315789473684
Júlio Delgado,173586,PSB,MG,camara,-1.3837604744073673,-4.746031922367379,0.120102,4,1,10,5,0.8
Juninho Do Pneu,1204457,DEM,RJ,camara,4.044277954396849,6.710401299653288,0.027892,2,16,0,18,0.1111111111111111
Junio Amaral,1204520,PSL,MG,camara,6.967657590466128,5.573567784657687,0.0125624,2,18,0,20,0.1
Júnior Ferrari,1204497,PSD,PA,camara,4.4086633891802745,8.129241129715115,0.0797363,3,19,0,22,0.13636363636363635
Junior Lourenço,1204574,PL,MA,camara,5.822294860559467,6.304724812703512,0.0711384,3,16,0,19,0.15789473684210525
Júnior Mano,1204550,PL,CE,camara,5.597319682361038,5.183513628850934,0,2,15,0,17,0.11764705882352941
Juscelino Filho,1178886,DEM,MA,camara,3.789534840904656,1.8259556576668672,0.0576206,2,11,1,13,0.15384615384615385
Kim Kataguiri,1204536,DEM,SP,camara,5.325338726657449,4.243276529387021,0,1,14,0,15,0.06666666666666667
Laercio Oliveira,1151208,PP,SE,camara,5.618755968209683,6.344405690189859,0.0949501,1,9,0,10,0.1
Lafayette De Andrada,198057,REPUBLICANOS,MG,camara,4.561802472519258,3.7968975543830474,0.0780976,2,17,0,19,0.10526315789473684
Lauriete,1160534,PSC,ES,camara,4.558622680914768,1.7992519920375099,0.013946,3,19,0,22,0.13636363636363635
Leandre,1178832,PV,PR,camara,1.2311911448674895,-2.7719633575816918,0.348256,3,0,10,3,1
Leda Sadala,1204375,AVANTE,AP,camara,3.9847142688038666,1.9496157600920903,0.0486015,2,18,0,20,0.1
Léo Moraes,1204359,PODE,RO,camara,2.7881828701784848,-0.6256858059033945,0.0881463,6,12,1,18,0.3333333333333333
Léo Motta,1204547,PSL,MG,camara,5.066339222876362,1.749232127356029,0.256977,2,15,0,17,0.11764705882352941
Leonardo Monteiro,174156,PT,MG,camara,-3.9658343085420036,-7.4418261883537085,0.332621,0,0,11,0,NaN
Leur Lomanto Júnior,192102,DEM,BA,camara,4.7547814002885165,0.48728249546736535,0.149103,3,11,0,14,0.21428571428571427
Lídice Da Mata,1139285,PSB,BA,camara,-2.90869609738437,-4.759377575944096,0.357302,2,0,12,2,1
Lincoln Portela,174585,PL,MG,camara,3.420755536213246,-1.0504054532818277,0.12052,12,9,0,21,0.5714285714285714
Liziane Bayer,1204405,PSB,RS,camara,0.6823509960692657,-1.9313738619475522,0.0500308,5,0,18,5,1
Loester Trutis,1204382,PSL,MS,camara,4.095521111187704,4.650097125295137,0,2,21,0,23,0.08695652173913043
Lourival Gomes,1196358,PSL,RJ,camara,4.1774902933858264,6.221853460991277,0.013946,2,20,0,22,0.09090909090909091
Lucas Gonzalez,1204523,NOVO,MG,camara,6.231598643720137,6.292190013448483,0.0471919,2,20,0,22,0.09090909090909091
Lucas Redecker,1204404,PSDB,RS,camara,3.7051346993941223,9.01279801521681,0.0733895,3,18,0,21,0.14285714285714285
Lucas Vergilio,1178879,SOLIDARIEDADE,GO,camara,3.986417967047851,7.227311989351563,0.0767978,3,16,0,19,0.15789473684210525
Luciano Bivar,174478,PSL,PE,camara,4.050219904343919,1.9638287876857987,0.551863,0,1,0,1,0
Luciano Ducci,1178931,PSB,PR,camara,-0.1285346691002882,-1.4881243868781837,0.0971619,3,3,1,6,0.5
Lucio Mosquini,1178954,MDB,RO,camara,3.486032874242685,6.906090730893347,0.0532564,2,16,0,18,0.1111111111111111
Luis Miranda,1204381,DEM,DF,camara,3.867408907013118,4.301360628611841,0,3,17,0,20,0.15
Luis Tibé,1160510,AVANTE,MG,camara,4.616886869160783,5.597552698112727,0.465859,1,4,0,5,0.2
Luisa Canziani,1204410,PTB,PR,camara,4.020583718372574,5.42724627656616,0.324991,2,7,0,9,0.2222222222222222
Luiz Antônio Corrêa,1204448,PL,RJ,camara,4.424025250650418,1.0869006640865777,0.013946,3,17,0,20,0.15
Luiz Carlos,1160645,PSDB,AP,camara,3.6073440192281847,10,0.0629893,2,15,0,17,0.11764705882352941
Luiz Carlos Motta,1204485,PL,SP,camara,3.5369405048735914,4.754996279478036,0.057406,3,19,0,22,0.13636363636363635
Luiz Flávio Gomes,1204543,PSB,SP,camara,-1.0202773031013663,-3.8832016532940594,NA,20,1,0,21,0.9523809523809523
Luiz Lima,1204455,PSL,RJ,camara,7.012801988073743,6.059173213848034,0.0179847,2,18,0,20,0.1
Luiz Nishimori,1162332,PL,PR,camara,5.692244129418331,8.060508318379064,0.12083,2,18,0,20,0.1
Luiz Philippe De Orleans e Bragança,1204526,PSL,SP,camara,7.667188885990125,4.49200894611808,0.0669408,1,14,0,15,0.06666666666666667
Luiza Erundina,174784,PSOL,SP,camara,-3.2635158741971884,-2.7528722202195457,0.164163,2,0,8,2,1
Luizão Goulart,1204418,REPUBLICANOS,PR,camara,3.83900147789387,0.2758823599284437,0.041838,5,12,0,17,0.29411764705882354
Luizianne Lins,1178866,PT,CE,camara,-6.240018523591004,-3.619189708556653,NA,0,0,2,0,NaN
Magda Mofatto,1166402,PL,GO,camara,4.526464505518199,2.0109977740792147,0.135247,1,7,0,8,0.125
Major Fabiana,1204458,PSL,RJ,camara,8.202032532380162,5.656024133549664,0.175784,1,19,0,20,0.05
Manuel Marcos,1204469,REPUBLICANOS,AC,camara,5.044170681027445,5.200289373548127,NA,3,10,0,13,0.23076923076923078
Mara Rocha,1204471,PSDB,AC,camara,2.2437831385581504,0.25277828571406147,0.0361483,3,19,0,22,0.13636363636363635
Marcel Van Hattem,1156190,NOVO,RS,camara,6.225237877416902,6.63913710475266,0.297349,2,18,0,20,0.1
Marcelo Aro,1146788,PP,MG,camara,6.402424137075172,4.248332805835123,0.027892,0,13,0,13,0
Marcelo Brum,1205863,PSL,RS,camara,6.156049824320792,4.0973823083891485,0,1,20,0,21,0.047619047619047616
Marcelo Calero,1204433,CIDADANIA,RJ,camara,1.387057866732814,-2.0738789233516277,NA,9,2,0,11,0.8181818181818182
Marcelo Freixo,176874,PSOL,RJ,camara,-7.4703206486977844,-8.1775660413623,0.149468,4,0,12,4,1
Marcelo Moraes,1133810,PTB,RS,camara,3.2117373480639806,0.08372993885431157,0.111459,4,17,0,21,0.19047619047619047
Marcelo Nilo,1204558,PSB,BA,camara,-2.59500392049684,-5.126990629922366,0.102677,5,0,18,5,1
Marcelo Ramos,1204556,PL,AM,camara,5.995132963168368,5.278630981014771,0.166651,1,8,0,9,0.1111111111111111
Marcio Alvino,1178983,PL,SP,camara,5.823130285910544,5.151113966882194,0.0848562,2,18,0,20,0.1
Márcio Biolchi,1179001,MDB,RS,camara,4.243410239540342,5.407118641728072,0.114948,1,20,0,21,0.047619047619047616
Márcio Jerry,181055,PCdoB,MA,camara,-2.8826402903262256,-8.391778415879438,NA,2,0,17,2,1
Márcio Labre,1204452,PSL,RJ,camara,6.693956834004318,1.2129432232515924,0.0669408,2,18,0,20,0.1
Márcio Marinho,1150418,REPUBLICANOS,BA,camara,4.441662369199879,3.699095686205915,0.055784,1,14,0,15,0.06666666666666667
Marco Bertaiolli,1204522,PSD,SP,camara,3.8884444390762862,-0.015088712944969274,0.108275,6,14,0,20,0.3
Marcon,1160535,PT,RS,camara,-4.936523157639074,-8.348767433528966,0.109612,3,0,8,3,1
Marcos Aurélio Sampaio,1204431,MDB,PI,camara,4.446637311002,4.4929890384104745,0.0152438,2,19,0,21,0.09523809523809523
Marcos Pereira,1204506,REPUBLICANOS,SP,camara,4.74681563243025,4.884025517934171,0,2,2,0,4,0.5
Margarete Coelho,1204430,PP,PI,camara,3.8124377445710333,-2.0558088948157884,0.0633898,15,3,0,18,0.8333333333333334
Margarida Salomão,1171619,PT,MG,camara,-4.249814400533149,-7.644298914671927,NA,4,0,7,4,1
Maria Do Rosário,174398,PT,RS,camara,-7.051815668719049,-6.236254296512137,0.178026,1,0,4,1,1
Maria Rosas,1204540,REPUBLICANOS,SP,camara,4.4847208637206535,4.499606023361114,0.0223136,2,20,0,22,0.09090909090909091
Mariana Carvalho,1178956,PSDB,RO,camara,3.076104527050827,1.0697369818521558,0.0947359,0,11,0,11,0
Marília Arraes,1204428,PT,PE,camara,-7.871058695111348,-7.376719300152686,0.371673,1,0,4,1,1
Marina Santos,1204432,SOLIDARIEDADE,PI,camara,3.748662887636609,6.531836500932926,0,2,20,0,22,0.09090909090909091
Mário Negromonte Jr.,1178858,PP,BA,camara,3.3144161867447792,4.222697236839725,0.0782719,2,18,0,20,0.1
Marlon Santos,1204403,PDT,RS,camara,2.218727572900878,-0.12021489094469828,0.0930082,3,11,0,14,0.21428571428571427
Marreca Filho,1204566,PATRIOTA,MA,camara,3.736399708191179,1.0394048195821277,0,4,19,0,23,0.17391304347826086
Marx Beltrão,1178843,PSD,AL,camara,4.2052176959463985,1.3686054397052274,0.105784,1,8,0,9,0.1111111111111111
Maurício Dziedricki,175431,PTB,RS,camara,4.819882456879309,4.570684372224417,0.132888,1,0,0,1,1
Mauro Lopes,174749,MDB,MG,camara,3.887978021264784,4.304386518434903,0.184886,2,14,0,16,0.125
Mauro Nazif,1141508,PSB,RO,camara,-1.5645884582520662,-2.1064627177395856,0.101078,5,2,15,7,0.7142857142857143
Merlong Solano,1188097,PT,PI,camara,-4.965076240751573,-6.534922224887061,0.135142,3,0,15,3,1
Miguel Lombardi,1178985,PL,SP,camara,3.5423726916445535,4.859401483126932,0.130482,3,19,0,22,0.13636363636363635
Milton Vieira,1154178,REPUBLICANOS,SP,camara,4.653265877356214,3.5911282319359117,0.06973,2,14,0,16,0.125
Misael Varella,1178895,PSD,MG,camara,4.093403945322349,-0.5218844426742137,0.0815441,5,17,0,22,0.22727272727272727
Moses Rodrigues,1178997,MDB,CE,camara,3.571725960081473,4.1236583826519535,0.0579138,2,12,0,14,0.14285714285714285
Natália Bonavides,1204453,PT,RN,camara,-9.203849171876039,-8.324068307953764,0.0403102,1,0,7,1,1
Nelson Barbudo,1204449,PSL,MT,camara,7.401267218301598,3.908568112616388,0.0202382,2,17,0,19,0.10526315789473684
Nelson Pellegrino,174571,PT,BA,camara,-4.689593945650897,-2.903089706116834,NA,2,1,11,3,0.6666666666666666
Nereu Crispim,1204415,PSL,RS,camara,4.897865099226541,5.686550135766916,0,2,13,0,15,0.13333333333333333
Neri Geller,1146307,PP,MT,camara,7.457145353379687,8.449544580089668,0.148537,1,15,0,16,0.0625
Newton Cardoso Jr,1178896,MDB,MG,camara,3.891909081817724,4.654578956645917,0.285298,0,4,0,4,0
Nicoletti,1204479,PSL,RR,camara,5.42905480943633,3.549073134048541,0,2,13,0,15,0.13333333333333333
Nilson Pinto,174352,PSDB,PA,camara,3.138691644420371,5.429313372104765,0.0966758,2,19,0,21,0.09523809523809523
Nilto Tatto,1178986,PT,SP,camara,-7.5324437132273125,-7.261268628116211,0.0609657,2,0,17,2,1
Nivaldo Albuquerque,1194260,PTB,AL,camara,4.29072198163783,5.207177902000026,0.067922,3,19,0,22,0.13636363636363635
Norma Ayub,166179,DEM,ES,camara,3.1959956749573095,1.9333993400280356,0.106566,1,17,0,18,0.05555555555555555
Odair Cunha,174159,PT,MG,camara,-4.023698633099523,-8.588597874524956,0.0989993,1,0,0,1,1
Olival Marques,1204498,DEM,PA,camara,3.909561559918462,4.536824995100648,0.0417251,3,15,0,18,0.16666666666666666
Orlando Silva,1178987,PCdoB,SP,camara,-2.3180500565766007,-3.707173248320509,0.128731,2,0,7,2,1
Osires Damaso,1204363,PSC,TO,camara,3.6310255359237154,1.4876662242026377,0.0722464,3,20,0,23,0.13043478260869565
Ossesio Silva,1204422,REPUBLICANOS,PE,camara,4.387163720810426,3.7395607253547887,0.013946,3,19,0,22,0.13636363636363635
Otoni De Paula,1204441,PSC,RJ,camara,4.708563071464402,4.561498525019285,0.0548463,3,16,0,19,0.15789473684210525
Ottaci Nascimento,1204475,SOLIDARIEDADE,RR,camara,3.5648915598318354,4.200260432748408,0.102985,2,17,0,19,0.10526315789473684
Otto Alencar Filho,1204573,PSD,BA,camara,2.051169939026087,3.432274808286781,0.049226,3,18,0,21,0.14285714285714285
Padre João,1160556,PT,MG,camara,-7.53477432424644,-7.980371683740026,0.16604,2,0,15,2,1
Pastor Eurico,1160642,PATRIOTA,PE,camara,6.052345779743057,4.33309775550628,0.106174,1,7,0,8,0.125
Pastor Gil,1204570,PL,MA,camara,5.045944301651616,5.297122901650567,0,2,20,0,22,0.09090909090909091
Pastor Sargento Isidório,1204553,AVANTE,BA,camara,-0.05299817897012815,-2.5611028574697876,0.12866,3,4,8,7,0.42857142857142855
Patrus Ananias,174160,PT,MG,camara,-6.376564811004134,-8.323316486730704,0.0843505,1,0,1,1,1
Paula Belmonte,1204377,CIDADANIA,DF,camara,3.4331707871870503,-0.7838080435312875,0.0272434,7,6,0,13,0.5384615384615384
Paulão,1171617,PT,AL,camara,-7.325272192125702,-9.110398005296345,0.101183,4,0,16,4,1
Paulo Abi-Ackel,1141516,PSDB,MG,camara,3.304718506763402,8.179212048072316,0.0780113,1,9,0,10,0.1
Paulo Azi,1178860,DEM,BA,camara,4.258753350244053,1.005364385794616,0.108045,1,14,0,15,0.06666666666666667
Paulo Bengtson,1204538,PTB,PA,camara,3.9569476001585002,5.95212766317456,0.0854735,3,17,0,20,0.15
Paulo Eduardo Martins,1193726,PSC,PR,camara,6.1925946405522865,5.774869612523316,0.111502,1,15,0,16,0.0625
Paulo Freire Costa,1160558,PL,SP,camara,4.944949525205315,3.482655275007456,0.0914299,3,19,0,22,0.13636363636363635
Paulo Ganime,1204461,NOVO,RJ,camara,6.444161198200302,7.3078111523546845,0.0461985,2,21,0,23,0.08695652173913043
Paulo Guedes,1204492,PT,MG,camara,-7.327821583702873,-7.68860540683566,0.0839378,4,0,13,4,1
Paulo Magalhães,174574,PSD,BA,camara,3.1085454688746808,3.734656138868333,0.116805,2,17,0,19,0.10526315789473684
Paulo Pereira Da Silva,1141518,SOLIDARIEDADE,SP,camara,2.115177454189432,1.2193164533147538,0.133949,0,6,0,6,0
Paulo Ramos,1133968,PDT,RJ,camara,-1.735511275372584,-3.6104814386665005,0.119468,1,0,3,1,1
Paulo Teixeira,1141488,PT,SP,camara,-5.951972849716273,-7.527200882229313,0.11675,2,0,9,2,1
Pedro Augusto Bezerra,190201,PTB,CE,camara,2.632640297381597,1.5529498147383478,0.0286557,3,18,0,21,0.14285714285714285
Pedro Cunha Lima,1178912,PSDB,PB,camara,2.7971776118312786,-0.12809165053960925,0.280732,1,0,0,1,1
Pedro Lucas Fernandes,1122974,PTB,MA,camara,4.48080929958051,8.498158065632992,0.315685,3,14,0,17,0.17647058823529413
Pedro Lupion,1204395,DEM,PR,camara,6.3133996950311335,5.4278780890561436,0.0702721,3,20,0,23,0.13043478260869565
Pedro Paulo,1122158,DEM,RJ,camara,3.1143915718024946,0.017545468796182462,NA,1,0,0,1,1
Pedro Uczai,1160604,PT,SC,camara,-6.429172366444439,-7.911813714678381,0.0968676,2,0,7,2,1
Pedro Westphalen,1204406,PP,RS,camara,5.529037423745564,4.7321421159720405,0.0957659,2,17,0,19,0.10526315789473684
Perpétua Almeida,173943,PCdoB,AC,camara,-2.3722298478608366,-7.62686680027759,0.138715,1,0,13,1,1
Pinheirinho,1204524,PP,MG,camara,6.444562649206496,5.57163436924251,0.0673968,2,18,0,20,0.1
Policial Katia Sastre,1204529,PL,SP,camara,5.7924967024105705,4.4995901703008006,0.0460757,1,18,0,19,0.05263157894736842
Pompeo De Mattos,173486,PDT,RS,camara,-0.890509369937476,-0.7667211233073292,0.127063,2,6,3,8,0.25
Pr. Marco Feliciano,1160601,REPUBLICANOS,SP,camara,5.21357737718278,0.6917304490558465,0.251028,4,17,0,21,0.19047619047619047
Professor Alcides,1204390,PP,GO,camara,5.49449267898652,3.8428391728291516,0.0388139,3,16,0,19,0.15789473684210525
Professor Israel Batista,1204383,PV,DF,camara,-1.032536534846919,-2.5159073048429414,0.0930751,5,0,8,5,1
Professor Joziel,1204446,PSL,RJ,camara,5.373292427193787,5.164908015535294,0.0160953,2,20,0,22,0.09090909090909091
Professora Dayane Pimentel,1204565,PSL,BA,camara,4.625619595428512,7.89025200517646,0.115632,2,17,0,19,0.10526315789473684
Professora Dorinha Seabra Rezende,1160639,DEM,TO,camara,2.7232805339034307,4.997904464416452,0.100373,1,8,0,9,0.1111111111111111
Professora Marcivania,1160641,PCdoB,AP,camara,-2.9179978222681147,-9.573364698880246,0.333091,3,0,13,3,1
Rafael Motta,1178951,PSB,RN,camara,-1.6632441091843102,-4.539019354220075,0.0895446,3,1,4,4,0.75
Raimundo Costa,1204567,PL,BA,camara,5.071814508612096,5.576894529384544,0.041838,2,19,0,21,0.09523809523809523
Raul Henry,1141523,MDB,PE,camara,3.461549106802204,-0.27708448608441394,0.0756777,5,15,0,20,0.25
Reginaldo Lopes,174161,PT,MG,camara,-3.645224448098036,-8.121591448014957,0.0989993,0,0,15,0,NaN
Reinhold Stephanes Junior,1205865,PSD,PR,camara,5.014342540379523,0.9892153960937407,0.118521,3,13,0,16,0.1875
Rejane Dias,1178925,PT,PI,camara,-3.932548770409303,-7.571427526030313,0.0650965,4,0,9,4,1
Renata Abreu,1178989,PODE,SP,camara,2.8398416070695554,-0.28980813583944176,0.161225,5,5,0,10,0.5
Renildo Calheiros,173801,PCdoB,PE,camara,-2.9380209505543124,-8.866404993077246,0.168393,0,0,16,0,NaN
Ricardo Barros,173788,PP,PR,camara,5.346471724618844,0.7445680568575224,0.121589,0,5,0,5,0
Ricardo Guidi,1204362,PSD,SC,camara,5.404383336480141,0.8547141398395866,0.0583508,4,18,0,22,0.18181818181818182
Ricardo Izar,1160655,PP,SP,camara,2.688062555262661,-1.8385838319310785,0.0887651,15,3,0,18,0.8333333333333334
Ricardo Teobaldo,1178920,PODE,PE,camara,3.1903431785195338,0.13759574347427694,0.159434,3,12,0,15,0.2
Robério Monteiro,1204489,PDT,CE,camara,-0.986372429028302,-1.636120296184517,0.041838,2,1,18,3,0.6666666666666666
Roberto Alves,1152610,REPUBLICANOS,SP,camara,4.482160471526438,5.552113393842372,0.055784,1,19,0,20,0.05
Roberto De Lucena,1160653,PODE,SP,camara,3.367788824409697,-1.1584705643700524,0.130271,8,6,2,14,0.5714285714285714
Roberto Pessoa,174305,PSDB,CE,camara,3.7051546767998484,4.854795309712461,NA,2,12,0,14,0.14285714285714285
Rodrigo Agostinho,1204530,PSB,SP,camara,-1.104189577398282,-3.72831522733207,0.297903,9,0,11,9,1
Rodrigo Coelho,1204366,PSB,SC,camara,3.4954441384098907,0.40808219360704356,0.0510911,3,18,0,21,0.14285714285714285
Rodrigo De Castro,1141531,PSDB,MG,camara,2.9414405159945893,-1.7424105058777197,0.0968053,9,5,1,14,0.6428571428571429
Rodrigo Maia,174693,DEM,RJ,camara,4.507057863110607,4.5385964876290465,0.132902,0,0,18,0,NaN
Rogério Correia,1204480,PT,MG,camara,-8.137664598537768,-7.783066752626986,0.0865383,2,0,11,2,1
Rogério Peninha Mendonça,1160651,MDB,SC,camara,4.794399566366547,3.112357424364898,0.113094,3,16,0,19,0.15789473684210525
Roman,1178930,PATRIOTA,PR,camara,4.632547347211007,6.1020335707586035,0.013946,1,18,0,19,0.05263157894736842
Ronaldo Carletto,1178861,PP,BA,camara,7.277201364851422,5.589382681898522,0.0990506,2,16,0,18,0.1111111111111111
Rosana Valle,1204525,PSB,SP,camara,0.6542859019208791,-1.8014788958406474,0.0573148,6,2,13,8,0.75
Rosangela Gomes,1178945,REPUBLICANOS,RJ,camara,4.182884066126276,5.288224874305962,0.370565,1,7,0,8,0.125
Rose Modesto,1204357,PSDB,MS,camara,2.3852678157951424,0.6629038590944276,0.41936,3,19,0,22,0.13636363636363635
Rubens Bueno,173466,CIDADANIA,PR,camara,2.19401330610385,1.949177727522187,0.171305,1,18,0,19,0.05263157894736842
Rubens Otoni,174371,PT,GO,camara,-7.219771333846651,-8.106073196933556,0.108777,1,0,2,1,1
Rui Falcão,173604,PT,SP,camara,-5.322373652546416,-7.591285278307389,0.074912,3,0,5,3,1
Ruy Carneiro,1160635,PSDB,PB,camara,2.1241115387396263,-0.6426533611499554,0.0975577,5,10,0,15,0.3333333333333333
Sâmia Bomfim,1204535,PSOL,SP,camara,-6.3212895857399,-2.916567104770067,0.0712831,3,0,6,3,1
Samuel Moreira,1178990,PSDB,SP,camara,3.110564124574129,0.7892096196127412,0.0934852,2,9,0,11,0.18181818181818182
Sanderson,1204416,PSL,RS,camara,6.562151917426949,3.6671129770938133,0,2,14,0,16,0.125
Santini,190842,PTB,RS,camara,3.8828987986035948,3.911096912044174,0.0884387,2,18,0,20,0.1
Sargento Fahur,1204387,PSD,PR,camara,4.964793925204049,3.7298222709981133,0.0244771,3,20,0,23,0.13043478260869565
Schiavinato,1204399,PP,PR,camara,5.623067447191932,4.948580759071216,0.0832571,3,17,0,20,0.15
Sebastião Oliveira,1178921,AVANTE,PE,camara,5.657996860754507,8.169539420711569,0.055784,1,16,0,17,0.058823529411764705
Sergio Souza,1178933,MDB,PR,camara,4.409211703664118,4.887824045938194,0.285641,3,20,0,23,0.13043478260869565
Sergio Toledo,1204438,PL,AL,camara,6.105116180913022,4.429781316641657,0.0887638,2,20,0,22,0.09090909090909091
Sergio Vidigal,1178874,PDT,ES,camara,-1.514690464626824,-3.4164074015434096,NA,4,0,9,4,1
Severino Pessoa,1204437,REPUBLICANOS,AL,camara,3.9457710397821657,1.3468230935411025,0.041838,3,12,0,15,0.2
Shéridan,1178961,PSDB,RR,camara,2.611929237448134,0.31513104692828797,0.0862644,3,16,0,19,0.15789473684210525
Sidney Leite,1204557,PSD,AM,camara,3.4781230591509313,4.309662308707768,0.112687,2,7,0,9,0.2222222222222222
Silas Câmara,174356,REPUBLICANOS,AM,camara,3.872751147428172,5.543897812190856,0.292866,2,13,0,15,0.13333333333333333
Silvia Cristina,1204360,PDT,RO,camara,-0.11981992330533586,-1.808620230020658,0.0563501,3,0,19,3,1
Silvio Costa Filho,1204425,REPUBLICANOS,PE,camara,4.022484661028924,-0.45980609920089854,0.055784,3,8,0,11,0.2727272727272727
Sóstenes Cavalcante,1178947,DEM,RJ,camara,4.611996224173982,5.543021904127308,0.093917,1,9,0,10,0.1
Stefano Aguiar,192776,PSD,MG,camara,4.3448128153459304,0.4823091334024525,0.0604574,2,17,0,19,0.10526315789473684
Subtenente Gonzaga,1177282,PDT,MG,camara,-1.250132762823256,-2.386735850764542,0.100336,1,0,6,1,1
Tabata Amaral,1204534,PDT,SP,camara,0.06850987709581524,-3.588965008784431,0.0357773,9,1,1,10,0.9
Tadeu Alencar,1178922,PSB,PE,camara,-2.1144545226617497,-7.62290198254899,0.296913,0,0,9,0,NaN
Talíria Petrone,1204464,PSOL,RJ,camara,-7.16548349840843,-6.465732194370224,0.0953338,3,0,10,3,1
Ted Conti,1206231,PSB,ES,camara,-1.0046149940670794,-3.6220418997416175,0.0126093,6,0,17,6,1
Tereza Nelma,1204466,PSDB,AL,camara,1.9808070128350401,-0.4468028538677853,0.0710085,4,9,0,13,0.3076923076923077
Tiago Dimas,1143084,SOLIDARIEDADE,TO,camara,2.8804229705853164,2.06682076438595,0.0848746,2,19,0,21,0.09523809523809523
Tiago Mitraud,1204519,NOVO,MG,camara,6.506710998772405,5.715344269069831,0.0397623,2,20,0,22,0.09090909090909091
Tiririca,1160976,PL,SP,camara,0.47218365622754455,-0.10117735754237067,0.0760807,3,20,0,23,0.13043478260869565
Tito,1197438,AVANTE,BA,camara,3.535898348655449,4.442278551247297,0.0888529,2,19,0,21,0.09523809523809523
Toninho Wandscheer,1178934,PROS,PR,camara,4.606969462313913,7.609600308017242,0.310885,1,16,0,17,0.058823529411764705
Túlio Gadêlha,1157130,PDT,PE,camara,-2.7077926454125345,-3.9013573182405725,0.0547439,2,0,5,2,1
Uldurico Junior,1178863,PROS,BA,camara,2.577254353539896,1.344444165245518,0.013946,2,16,0,18,0.1111111111111111
Vaidon Oliveira,1195866,PROS,CE,camara,4.278100364043171,3.6679405853085214,0.0957883,2,16,0,18,0.1111111111111111
Valdevan Noventa,1204385,PL,SE,camara,1.447849341328828,-1.4717287866351523,0.027892,6,8,2,14,0.42857142857142855
Valmir Assunção,1160610,PT,BA,camara,-6.818220461288379,-8.218783268005833,0.0825792,4,0,10,4,1
Valtenir Pereira,1141552,MDB,MT,camara,5.3086129167878955,4.4557155558473625,NA,0,14,0,14,0
Vander Loubet,174376,PT,MS,camara,-4.2894354275516235,-7.904917633077796,0.094379,1,0,2,1,1
Vanderlei Macris,1141553,PSDB,SP,camara,2.9247183618318715,-0.4505690529887083,0.130521,5,11,0,16,0.3125
Vavá Martins,1204505,REPUBLICANOS,PA,camara,3.6390337675102824,-1.44850159386292,0,10,11,0,21,0.47619047619047616
Vermelho,1204396,PSD,PR,camara,5.2953914685189485,3.4869737990230387,0.0104562,3,10,0,13,0.23076923076923078
Vicentinho,174283,PT,SP,camara,-5.108302118044571,-7.397749861344368,0.102804,2,0,8,2,1
Vicentinho Júnior,1137070,PL,TO,camara,6.195854905132656,4.965167918299237,0.0458119,1,0,0,1,1
Vilson Da Fetaemg,1204483,PSB,MG,camara,-2.5834386728946193,-5.055467908886896,0.0384371,5,0,17,5,1
Vinicius Carvalho,1141555,REPUBLICANOS,SP,camara,4.093586680917822,4.944796761496127,0.027892,2,6,0,8,0.25
Vinicius Gurgel,1160591,PL,AP,camara,7.328027451280509,4.446359184434414,0.0715247,0,4,0,4,0
Vinicius Poit,1204532,NOVO,SP,camara,6.141965962342155,6.846242522064827,0,2,21,0,23,0.08695652173913043
Vitor Hugo,1179587,PSL,GO,camara,7.576011695935556,5.5985716831443515,0.223136,2,12,0,14,0.14285714285714285
Vitor Lippi,1178992,PSDB,SP,camara,3.108542750882661,0.607494052666425,0.0951555,3,11,0,14,0.21428571428571427
Waldenor Pereira,1160569,PT,BA,camara,-7.086404658928979,-8.403899378238753,0.0965252,1,0,10,1,1
Walter Alves,1178952,MDB,RN,camara,3.929156678061336,6.0995430123862135,0.0870909,2,17,0,19,0.10526315789473684
Weliton Prado,1160518,PROS,MG,camara,-0.29176363544765316,-3.317668824913693,0.177493,18,3,0,21,0.8571428571428571
Wellington Roberto,174043,PL,PB,camara,4.5300865149838,5.456176222598614,0.324794,0,3,0,3,0
Wilson Santiago,174044,PTB,PB,camara,3.895628772695618,1.521706153987889,0.138236,2,17,0,19,0.10526315789473684
Wladimir Garotinho,1204463,PSD,RJ,camara,2.80876223902089,3.366680407598821,NA,2,16,0,18,0.1111111111111111
Wolney Queiroz,174439,PDT,PE,camara,-1.7221997340372237,-2.4924216843098534,0.147008,1,0,15,1,1
Zé Carlos,1178889,PT,MA,camara,-5.408557865966127,-8.35603871471605,0.0644692,4,0,11,4,1
Zé Neto,1204559,PT,BA,camara,-4.056365290876801,-7.850310881620362,0.0992029,3,0,7,3,1
Zé Silva,1160632,SOLIDARIEDADE,MG,camara,3.5869005193279264,4.118648116868409,0.11724,3,17,0,20,0.15
Zé Vitor,1204517,PL,MG,camara,4.165845737599126,4.93235710174773,0,3,20,0,23,0.13043478260869565
Zeca Dirceu,1160592,PT,PR,camara,-6.937883103392825,-7.367568030559216,0.0984647,2,0,3,2,1
